"","id","group"
"1","01100 MMetabolic pathways","1.0 Global and overview maps"
"2","01110 MBiosynthesis of secondary metabolites","1.0 Global and overview maps"
"3","01120 MMicrobial metabolism in diverse environments","1.0 Global and overview maps"
"4","01200 M RCarbon metabolism","1.0 Global and overview maps"
"5","01210 M R2-Oxocarboxylic acid metabolism","1.0 Global and overview maps"
"6","01212 M RFatty acid metabolism","1.0 Global and overview maps"
"7","01230 M RBiosynthesis of amino acids","1.0 Global and overview maps"
"8","01232 MNucleotide metabolism","1.0 Global and overview maps"
"9","01250 M RBiosynthesis of nucleotide sugars","1.0 Global and overview maps"
"10","01240 M RBiosynthesis of cofactors","1.0 Global and overview maps"
"11","01220 M RDegradation of aromatic compounds","1.0 Global and overview maps"
"12","00010 M NGlycolysis / Gluconeogenesis","1.1 Carbohydrate metabolism"
"13","00020 M NCitrate cycle (TCA cycle)00030 MPentose phosphate pathway","1.1 Carbohydrate metabolism"
"14","00040 MPentose and glucuronate interconversions","1.1 Carbohydrate metabolism"
"15","00051 MFructose and mannose metabolism","1.1 Carbohydrate metabolism"
"16","00052 M NGalactose metabolism","1.1 Carbohydrate metabolism"
"17","00053 MAscorbate and aldarate metabolism","1.1 Carbohydrate metabolism"
"18","00500 M NStarch and sucrose metabolism","1.1 Carbohydrate metabolism"
"19","00520 M NAmino sugar and nucleotide sugar metabolism","1.1 Carbohydrate metabolism"
"20","00620 M NPyruvate metabolism","1.1 Carbohydrate metabolism"
"21","00630 MGlyoxylate and dicarboxylate metabolism","1.1 Carbohydrate metabolism"
"22","00640 MPropanoate metabolism","1.1 Carbohydrate metabolism"
"23","00650 MButanoate metabolism","1.1 Carbohydrate metabolism"
"24","00660 MC5-Branched dibasic acid metabolism","1.1 Carbohydrate metabolism"
"25","00562 MInositol phosphate metabolism","1.1 Carbohydrate metabolism"
"26","00190 MOxidative phosphorylation","1.2 Energy metabolism"
"27","00195 MPhotosynthesis","1.2 Energy metabolism"
"28","00196Photosynthesis - antenna proteins","1.2 Energy metabolism"
"29","00710 MCarbon fixation in photosynthetic organisms","1.2 Energy metabolism"
"30","00720 MCarbon fixation pathways in prokaryotes","1.2 Energy metabolism"
"31","00680 MMethane metabolism","1.2 Energy metabolism"
"32","00910 MNitrogen metabolism","1.2 Energy metabolism"
"33","00920 MSulfur metabolism","1.2 Energy metabolism"
"34","00061 MFatty acid biosynthesis","1.3 Lipid metabolism"
"35","00062 MFatty acid elongation","1.3 Lipid metabolism"
"36","00071 M NFatty acid degradation","1.3 Lipid metabolism"
"37","00073Cutin, suberine and wax biosynthesis","1.3 Lipid metabolism"
"38","00100 M NSteroid biosynthesis","1.3 Lipid metabolism"
"39","00120 M NPrimary bile acid biosynthesis","1.3 Lipid metabolism"
"40","00121Secondary bile acid biosynthesis","1.3 Lipid metabolism"
"41","00140 M NSteroid hormone biosynthesis","1.3 Lipid metabolism"
"42","00561 MGlycerolipid metabolism","1.3 Lipid metabolism"
"43","00564 MGlycerophospholipid metabolism","1.3 Lipid metabolism"
"44","00565 MEther lipid metabolism","1.3 Lipid metabolism"
"45","00600 M NSphingolipid metabolism","1.3 Lipid metabolism"
"46","00590Arachidonic acid metabolism","1.3 Lipid metabolism"
"47","00591Linoleic acid metabolism","1.3 Lipid metabolism"
"48","00592 Malpha-Linolenic acid metabolism","1.3 Lipid metabolism"
"49","01040 M NBiosynthesis of unsaturated fatty acids","1.3 Lipid metabolism"
"50","00230 M NPurine metabolism","1.4 Nucleotide metabolism"
"51","00240 MPyrimidine metabolism","1.4 Nucleotide metabolism"
"52","00250 MAlanine, aspartate and glutamate metabolism","1.5 Amino acid metabolism"
"53","00260 M NGlycine, serine and threonine metabolism","1.5 Amino acid metabolism"
"54","00270 M NCysteine and methionine metabolism","1.5 Amino acid metabolism"
"55","00280 M NValine, leucine and isoleucine degradation","1.5 Amino acid metabolism"
"56","00290 MValine, leucine and isoleucine biosynthesis","1.5 Amino acid metabolism"
"57","00300 MLysine biosynthesis","1.5 Amino acid metabolism"
"58","00310 M NLysine degradation","1.5 Amino acid metabolism"
"59","00220 M NArginine biosynthesis","1.5 Amino acid metabolism"
"60","00330 M NArginine and proline metabolism","1.5 Amino acid metabolism"
"61","00340 MHistidine metabolism","1.5 Amino acid metabolism"
"62","00350 M NTyrosine metabolism","1.5 Amino acid metabolism"
"63","00360 MPhenylalanine metabolism","1.5 Amino acid metabolism"
"64","00380 M NTryptophan metabolism","1.5 Amino acid metabolism"
"65","00400 M NPhenylalanine, tyrosine and tryptophan biosynthesis","1.5 Amino acid metabolism"
"66","00410 Mbeta-Alanine metabolism","1.6 Metabolism of other amino acids"
"67","00430 MTaurine and hypotaurine metabolism","1.6 Metabolism of other amino acids"
"68","00440Phosphonate and phosphinate metabolism","1.6 Metabolism of other amino acids"
"69","00450Selenocompound metabolism","1.6 Metabolism of other amino acids"
"70","00460 MCyanoamino acid metabolism","1.6 Metabolism of other amino acids"
"71","00470 MD-Amino acid metabolism","1.6 Metabolism of other amino acids"
"72","00480 M NGlutathione metabolism","1.6 Metabolism of other amino acids"
"73","00510 M NN-Glycan biosynthesis","1.7 Glycan biosynthesis and metabolism"
"74","00513 MVarious types of N-glycan biosynthesis","1.7 Glycan biosynthesis and metabolism"
"75","00512 MMucin type O-glycan biosynthesis","1.7 Glycan biosynthesis and metabolism"
"76","00515 M NMannose type O-glycan biosynthesis","1.7 Glycan biosynthesis and metabolism"
"77","00514Other types of O-glycan biosynthesis","1.7 Glycan biosynthesis and metabolism"
"78","00532 M NGlycosaminoglycan biosynthesis - chondroitin sulfate / dermatan sulfate","1.7 Glycan biosynthesis and metabolism"
"79","00534 M NGlycosaminoglycan biosynthesis - heparan sulfate / heparin","1.7 Glycan biosynthesis and metabolism"
"80","00533Glycosaminoglycan biosynthesis - keratan sulfate","1.7 Glycan biosynthesis and metabolism"
"81","00531 M NGlycosaminoglycan degradation","1.7 Glycan biosynthesis and metabolism"
"82","00563 M NGlycosylphosphatidylinositol (GPI)-anchor biosynthesis","1.7 Glycan biosynthesis and metabolism"
"83","00601 M NGlycosphingolipid biosynthesis - lacto and neolacto series","1.7 Glycan biosynthesis and metabolism"
"84","00603 M NGlycosphingolipid biosynthesis - globo and isoglobo series","1.7 Glycan biosynthesis and metabolism"
"85","00604 MGlycosphingolipid biosynthesis - ganglio series","1.7 Glycan biosynthesis and metabolism"
"86","00511Other glycan degradation","1.7 Glycan biosynthesis and metabolism"
"87","00540 MLipopolysaccharide biosynthesis","1.7 Glycan biosynthesis and metabolism"
"88","00542O-Antigen repeat unit biosynthesis","1.7 Glycan biosynthesis and metabolism"
"89","00541 MO-Antigen nucleotide sugar biosynthesis","1.7 Glycan biosynthesis and metabolism"
"90","00550Peptidoglycan biosynthesis","1.7 Glycan biosynthesis and metabolism"
"91","00552Teichoic acid biosynthesis","1.7 Glycan biosynthesis and metabolism"
"92","00571Lipoarabinomannan (LAM) biosynthesis","1.7 Glycan biosynthesis and metabolism"
"93","00572Arabinogalactan biosynthesis - Mycobacterium","1.7 Glycan biosynthesis and metabolism"
"94","00543Exopolysaccharide biosynthesis","1.7 Glycan biosynthesis and metabolism"
"95","00730 MThiamine metabolism","1.8 Metabolism of cofactors and vitamins"
"96","00740 MRiboflavin metabolism","1.8 Metabolism of cofactors and vitamins"
"97","00750 MVitamin B6 metabolism","1.8 Metabolism of cofactors and vitamins"
"98","00760 MNicotinate and nicotinamide metabolism","1.8 Metabolism of cofactors and vitamins"
"99","00770 MPantothenate and CoA biosynthesis","1.8 Metabolism of cofactors and vitamins"
"100","00780 MBiotin metabolism","1.8 Metabolism of cofactors and vitamins"
"101","00785 M NLipoic acid metabolism","1.8 Metabolism of cofactors and vitamins"
"102","00790 M NFolate biosynthesis","1.8 Metabolism of cofactors and vitamins"
"103","00670 M NOne carbon pool by folate","1.8 Metabolism of cofactors and vitamins"
"104","00830Retinol metabolism","1.8 Metabolism of cofactors and vitamins"
"105","00860 M NPorphyrin metabolism","1.8 Metabolism of cofactors and vitamins"
"106","00130 MUbiquinone and other terpenoid-quinone biosynthesis","1.8 Metabolism of cofactors and vitamins"
"107","00900 M NTerpenoid backbone biosynthesis","1.9 Metabolism of terpenoids and polyketides"
"108","00902Monoterpenoid biosynthesis","1.9 Metabolism of terpenoids and polyketides"
"109","00909Sesquiterpenoid and triterpenoid biosynthesis","1.9 Metabolism of terpenoids and polyketides"
"110","00904 MDiterpenoid biosynthesis Including: Gibberellin biosynthesis","1.9 Metabolism of terpenoids and polyketides"
"111","00906 MCarotenoid biosynthesis","1.9 Metabolism of terpenoids and polyketides"
"112","00905 MBrassinosteroid biosynthesis","1.9 Metabolism of terpenoids and polyketides"
"113","00981Insect hormone biosynthesis","1.9 Metabolism of terpenoids and polyketides"
"114","00908Zeatin biosynthesis","1.9 Metabolism of terpenoids and polyketides"
"115","00903Limonene degradation Title changed!00907Pinene, camphor and geraniol degradation New!01052Type I polyketide structures","1.9 Metabolism of terpenoids and polyketides"
"116","00522 MBiosynthesis of 12-, 14- and 16-membered macrolides Including: Tylosin biosynthesis, Mycinamicin biosynthesis, Erythromycin biosynthesis, Oleandomycin biosynthesis, Pikromycin/methymycin biosynthesis, Avermectin biosynthesis","1.9 Metabolism of terpenoids and polyketides"
"117","01051Biosynthesis of ansamycins","1.9 Metabolism of terpenoids and polyketides"
"118","01059 MBiosynthesis of enediyne antibiotics","1.9 Metabolism of terpenoids and polyketides"
"119","01056 MBiosynthesis of type II polyketide backbone","1.9 Metabolism of terpenoids and polyketides"
"120","01057 MBiosynthesis of type II polyketide products","1.9 Metabolism of terpenoids and polyketides"
"121","00253 MTetracycline biosynthesis","1.9 Metabolism of terpenoids and polyketides"
"122","00523 MPolyketide sugar unit biosynthesis","1.9 Metabolism of terpenoids and polyketides"
"123","01054Nonribosomal peptide structures","1.9 Metabolism of terpenoids and polyketides"
"124","01053Biosynthesis of siderophore group nonribosomal peptides","1.9 Metabolism of terpenoids and polyketides"
"125","01055Biosynthesis of vancomycin group antibiotics","1.9 Metabolism of terpenoids and polyketides"
"126","00940 MPhenylpropanoid biosynthesis","1.10 Biosynthesis of other secondary metabolites"
"127","00945Stilbenoid, diarylheptanoid and gingerol biosynthesis","1.10 Biosynthesis of other secondary metabolites"
"128","00941 MFlavonoid biosynthesis","1.10 Biosynthesis of other secondary metabolites"
"129","00944Flavone and flavonol biosynthesis","1.10 Biosynthesis of other secondary metabolites"
"130","00942Anthocyanin biosynthesis","1.10 Biosynthesis of other secondary metabolites"
"131","00943 MIsoflavonoid biosynthesis","1.10 Biosynthesis of other secondary metabolites"
"132","00946 MDegradation of flavonoids","1.10 Biosynthesis of other secondary metabolites"
"133","00901 MIndole alkaloid biosynthesis","1.10 Biosynthesis of other secondary metabolites"
"134","00403 MIndole diterpene alkaloid biosynthesis","1.10 Biosynthesis of other secondary metabolites"
"135","00950 MIsoquinoline alkaloid biosynthesis","1.10 Biosynthesis of other secondary metabolites"
"136","00960Tropane, piperidine and pyridine alkaloid biosynthesis","1.10 Biosynthesis of other secondary metabolites"
"137","00996Biosynthesis of various alkaloids Including: Cucurbitacin biosynthesis, Solanine and tomatine biosynthesis, Ephedrine biosynthesis, Capsaicin biosynthesis, Acridone alkaloid biosynthesis","1.10 Biosynthesis of other secondary metabolites"
"138","00232 MCaffeine metabolism","1.10 Biosynthesis of other secondary metabolites"
"139","00965 MBetalain biosynthesis","1.10 Biosynthesis of other secondary metabolites"
"140","00966 MGlucosinolate biosynthesis","1.10 Biosynthesis of other secondary metabolites"
"141","00402Benzoxazinoid biosynthesis","1.10 Biosynthesis of other secondary metabolites"
"142","00311 MPenicillin and cephalosporin biosynthesis","1.10 Biosynthesis of other secondary metabolites"
"143","00332 MCarbapenem biosynthesis","1.10 Biosynthesis of other secondary metabolites"
"144","00261 MMonobactam biosynthesis","1.10 Biosynthesis of other secondary metabolites"
"145","00331 MClavulanic acid biosynthesis","1.10 Biosynthesis of other secondary metabolites"
"146","00521 MStreptomycin biosynthesis","1.10 Biosynthesis of other secondary metabolites"
"147","00524Neomycin, kanamycin and gentamicin biosynthesis","1.10 Biosynthesis of other secondary metabolites"
"148","00525 MAcarbose and validamycin biosynthesis","1.10 Biosynthesis of other secondary metabolites"
"149","00401Novobiocin biosynthesis","1.10 Biosynthesis of other secondary metabolites"
"150","00404 MStaurosporine biosynthesis","1.10 Biosynthesis of other secondary metabolites"
"151","00405 MPhenazine biosynthesis","1.10 Biosynthesis of other secondary metabolites"
"152","00333 MProdigiosin biosynthesis","1.10 Biosynthesis of other secondary metabolites"
"153","00254 MAflatoxin biosynthesis","1.10 Biosynthesis of other secondary metabolites"
"154","00998 MBiosynthesis of various antibiotics Including: Kanosamine biosynthesis, Aurachin biosynthesis, Bacilysin biosynthesis, Puromycin biosynthesis, Dapdiamides biosynthesis, Fosfomycin biosynthesis, Cremeomycin biosynthesis, Fumagillin biosynthesis, Pentalenolactone biosynthesis, Terpentecin biosynthesis, Roseoflavin biosynthesis, Cycloserine biosynthesis","1.10 Biosynthesis of other secondary metabolites"
"155","00999 MBiosynthesis of various plant secondary metabolites Including: Crocin biosynthesis, Ginsenoside biosynthesis, Saponin adjuvant biosynthesis, Cannabidiol biosynthesis, Mugineic acid biosynthesis, Pentagalloylglucose biosynthesis, Benzoxazinoid biosynthesis, Gramine biosynthesis, Coumarin biosynthesis, Furanocoumarin biosynthesis, Hordatine biosynthesis, Podophyllotoxin biosynthesis","1.10 Biosynthesis of other secondary metabolites"
"156","00997 MBiosynthesis of various other secondary metabolites Including: Ditryptophenaline biosynthesis, Fumiquinazoline D biosynthesis, Paerucumarin biosynthesis, Staphyloferrin B biosynthesis, Cyclooctatin biosynthesis, Lovastatin biosynthesis, Grixazone biosynthesis, Staphyloferrin A biosynthesis, Ethynylserine biosynthesis, Aerobactin biosynthesis","1.10 Biosynthesis of other secondary metabolites"
"157","00362 MBenzoate degradation","1.11 Xenobiotics biodegradation and metabolism"
"158","00627 MAminobenzoate degradation","1.11 Xenobiotics biodegradation and metabolism"
"159","00364Fluorobenzoate degradation","1.11 Xenobiotics biodegradation and metabolism"
"160","00625Chloroalkane and chloroalkene degradation","1.11 Xenobiotics biodegradation and metabolism"
"161","00361 MChlorocyclohexane and chlorobenzene degradation","1.11 Xenobiotics biodegradation and metabolism"
"162","00623 MToluene degradation","1.11 Xenobiotics biodegradation and metabolism"
"163","00622 MXylene degradation","1.11 Xenobiotics biodegradation and metabolism"
"164","00633Nitrotoluene degradation","1.11 Xenobiotics biodegradation and metabolism"
"165","00642Ethylbenzene degradation","1.11 Xenobiotics biodegradation and metabolism"
"166","00643Styrene degradation","1.11 Xenobiotics biodegradation and metabolism"
"167","00791Atrazine degradation","1.11 Xenobiotics biodegradation and metabolism"
"168","00930Caprolactam degradation","1.11 Xenobiotics biodegradation and metabolism"
"169","00363Bisphenol degradation","1.11 Xenobiotics biodegradation and metabolism"
"170","00621 MDioxin degradation","1.11 Xenobiotics biodegradation and metabolism"
"171","00626 MNaphthalene degradation","1.11 Xenobiotics biodegradation and metabolism"
"172","00624 MPolycyclic aromatic hydrocarbon degradation","1.11 Xenobiotics biodegradation and metabolism"
"173","00365Furfural degradation","1.11 Xenobiotics biodegradation and metabolism"
"174","00984Steroid degradation","1.11 Xenobiotics biodegradation and metabolism"
"175","00980Metabolism of xenobiotics by cytochrome P45000982Drug metabolism - cytochrome P45000983Drug metabolism - other enzymes","1.11 Xenobiotics biodegradation and metabolism"
"176","01010Overview of biosynthetic pathways","1.12 Chemical structure transformation maps"
"177","01060Biosynthesis of plant secondary metabolites","1.12 Chemical structure transformation maps"
"178","01061Biosynthesis of phenylpropanoids","1.12 Chemical structure transformation maps"
"179","01062Biosynthesis of terpenoids and steroids","1.12 Chemical structure transformation maps"
"180","01063Biosynthesis of alkaloids derived from shikimate pathway","1.12 Chemical structure transformation maps"
"181","01064Biosynthesis of alkaloids derived from ornithine, lysine and nicotinic acid","1.12 Chemical structure transformation maps"
"182","01065Biosynthesis of alkaloids derived from histidine and purine","1.12 Chemical structure transformation maps"
"183","01066Biosynthesis of alkaloids derived from terpenoid and polyketide","1.12 Chemical structure transformation maps"
"184","01070Biosynthesis of plant hormones","1.12 Chemical structure transformation maps"
"185","03020RNA polymerase","2.1 Transcription"
"186","03022Basal transcription factors","2.1 Transcription"
"187","03040Spliceosome","2.1 Transcription"
"188","03010Ribosome","2.2 Translation"
"189","00970Aminoacyl-tRNA biosynthesis","2.2 Translation"
"190","03013Nucleocytoplasmic transport","2.2 Translation"
"191","03015mRNA surveillance pathway","2.2 Translation"
"192","03008Ribosome biogenesis in eukaryotes","2.2 Translation"
"193","03060Protein export","2.3 Folding, sorting and degradation"
"194","04141 NProtein processing in endoplasmic reticulum","2.3 Folding, sorting and degradation"
"195","04130SNARE interactions in vesicular transport","2.3 Folding, sorting and degradation"
"196","04120Ubiquitin mediated proteolysis","2.3 Folding, sorting and degradation"
"197","04122Sulfur relay system","2.3 Folding, sorting and degradation"
"198","03050Proteasome","2.3 Folding, sorting and degradation"
"199","03018RNA degradation","2.3 Folding, sorting and degradation"
"200","03030DNA replication","2.4 Replication and repair"
"201","03410 NBase excision repair","2.4 Replication and repair"
"202","03420 NNucleotide excision repair","2.4 Replication and repair"
"203","03430Mismatch repair","2.4 Replication and repair"
"204","03440Homologous recombination","2.4 Replication and repair"
"205","03450Non-homologous end-joining","2.4 Replication and repair"
"206","03460Fanconi anemia pathway","2.4 Replication and repair"
"207","03083Polycomb repressive complex","2.5 Chromosome"
"208","03230Viral genome structure","2.6 Information processing in viruses"
"209","03240Viral replication","2.6 Information processing in viruses"
"210","03250Viral life cycle - HIV-103260Virion - Human immunodeficiency virus","2.6 Information processing in viruses"
"211","03262Virion - Coronavirus","2.6 Information processing in viruses"
"212","03261Virion - Influenza A virus","2.6 Information processing in viruses"
"213","03263Virion - Enterovirus","2.6 Information processing in viruses"
"214","03264Virion - Flavivirus","2.6 Information processing in viruses"
"215","03265Virion - Lyssavirus","2.6 Information processing in viruses"
"216","03266Virion - Herpesvirus","2.6 Information processing in viruses"
"217","03268Virion - Orthopoxvirus","2.6 Information processing in viruses"
"218","03267Virion - Adenovirus","2.6 Information processing in viruses"
"219","02010ABC transporters","3.1 Membrane transport"
"220","02060Phosphotransferase system (PTS)03070Bacterial secretion system","3.1 Membrane transport"
"221","02020Two-component system","3.2 Signal transduction"
"222","04010 NMAPK signaling pathway","3.2 Signal transduction"
"223","04013MAPK signaling pathway - fly","3.2 Signal transduction"
"224","04016MAPK signaling pathway - plant","3.2 Signal transduction"
"225","04011MAPK signaling pathway - yeast","3.2 Signal transduction"
"226","04012 NErbB signaling pathway","3.2 Signal transduction"
"227","04014 NRas signaling pathway","3.2 Signal transduction"
"228","04015Rap1 signaling pathway","3.2 Signal transduction"
"229","04310 NWnt signaling pathway","3.2 Signal transduction"
"230","04330 NNotch signaling pathway","3.2 Signal transduction"
"231","04340 NHedgehog signaling pathway","3.2 Signal transduction"
"232","04341Hedgehog signaling pathway - fly","3.2 Signal transduction"
"233","04350 NTGF-beta signaling pathway","3.2 Signal transduction"
"234","04390Hippo signaling pathway","3.2 Signal transduction"
"235","04391Hippo signaling pathway - fly","3.2 Signal transduction"
"236","04392Hippo signaling pathway - multiple species","3.2 Signal transduction"
"237","04370VEGF signaling pathway","3.2 Signal transduction"
"238","04371Apelin signaling pathway","3.2 Signal transduction"
"239","04630 NJAK-STAT signaling pathway","3.2 Signal transduction"
"240","04064 NNF-kappa B signaling pathway","3.2 Signal transduction"
"241","04668 NTNF signaling pathway","3.2 Signal transduction"
"242","04066 NHIF-1 signaling pathway","3.2 Signal transduction"
"243","04068FoxO signaling pathway","3.2 Signal transduction"
"244","04020 NCalcium signaling pathway","3.2 Signal transduction"
"245","04070Phosphatidylinositol signaling system","3.2 Signal transduction"
"246","04072Phospholipase D signaling pathway","3.2 Signal transduction"
"247","04071Sphingolipid signaling pathway","3.2 Signal transduction"
"248","04024 NcAMP signaling pathway","3.2 Signal transduction"
"249","04022cGMP-PKG signaling pathway","3.2 Signal transduction"
"250","04151 NPI3K-Akt signaling pathway","3.2 Signal transduction"
"251","04152AMPK signaling pathway","3.2 Signal transduction"
"252","04150 NmTOR signaling pathway","3.2 Signal transduction"
"253","04075Plant hormone signal transduction","3.2 Signal transduction"
"254","04080Neuroactive ligand-receptor interaction","3.3 Signaling molecules and interaction"
"255","04060Cytokine-cytokine receptor interaction","3.3 Signaling molecules and interaction"
"256","04061Viral protein interaction with cytokine and cytokine receptor","3.3 Signaling molecules and interaction"
"257","04512ECM-receptor interaction","3.3 Signaling molecules and interaction"
"258","04514Cell adhesion molecules","3.3 Signaling molecules and interaction"
"259","04144Endocytosis","4.1 Transport and catabolism"
"260","04145 NPhagosome","4.1 Transport and catabolism"
"261","04142Lysosome","4.1 Transport and catabolism"
"262","04146Peroxisome","4.1 Transport and catabolism"
"263","04140 NAutophagy - animal","4.1 Transport and catabolism"
"264","04138Autophagy - yeast","4.1 Transport and catabolism"
"265","04136Autophagy - other","4.1 Transport and catabolism"
"266","04137 NMitophagy - animal","4.1 Transport and catabolism"
"267","04139Mitophagy - yeast","4.1 Transport and catabolism"
"268","04110 NCell cycle","4.2 Cell growth and death"
"269","04111Cell cycle - yeast","4.2 Cell growth and death"
"270","04112Cell cycle - Caulobacter","4.2 Cell growth and death"
"271","04113Meiosis - yeast","4.2 Cell growth and death"
"272","04114Oocyte meiosis","4.2 Cell growth and death"
"273","04210 NApoptosis","4.2 Cell growth and death"
"274","04214Apoptosis - fly","4.2 Cell growth and death"
"275","04215Apoptosis - multiple species","4.2 Cell growth and death"
"276","04216 NFerroptosis","4.2 Cell growth and death"
"277","04217 NNecroptosis","4.2 Cell growth and death"
"278","04115p53 signaling pathway","4.2 Cell growth and death"
"279","04218Cellular senescence","4.2 Cell growth and death"
"280","04510 NFocal adhesion","4.3 Cellular community - eukaryotes"
"281","04520Adherens junction","4.3 Cellular community - eukaryotes"
"282","04530 NTight junction","4.3 Cellular community - eukaryotes"
"283","04540Gap junction","4.3 Cellular community - eukaryotes"
"284","04550Signaling pathways regulating pluripotency of stem cells","4.3 Cellular community - eukaryotes"
"285","02024Quorum sensing","4.4 Cellular community - prokaryotes"
"286","05111Biofilm formation - Vibrio cholerae","4.4 Cellular community - prokaryotes"
"287","02025Biofilm formation - Pseudomonas aeruginosa","4.4 Cellular community - prokaryotes"
"288","02026Biofilm formation - Escherichia coli","4.4 Cellular community - prokaryotes"
"289","02030Bacterial chemotaxis","4.5 Cell motility"
"290","02040Flagellar assembly","4.5 Cell motility"
"291","04814Motor proteins 04810 NRegulation of actin cytoskeleton","4.5 Cell motility"
"292","04640Hematopoietic cell lineage","5.1 Immune system"
"293","04610 NComplement and coagulation cascades","5.1 Immune system"
"294","04611Platelet activation","5.1 Immune system"
"295","04613Neutrophil extracellular trap formation","5.1 Immune system"
"296","04620 NToll-like receptor signaling pathway","5.1 Immune system"
"297","04624Toll and Imd signaling pathway","5.1 Immune system"
"298","04621 NNOD-like receptor signaling pathway","5.1 Immune system"
"299","04622 NRIG-I-like receptor signaling pathway","5.1 Immune system"
"300","04623 NCytosolic DNA-sensing pathway","5.1 Immune system"
"301","04625C-type lectin receptor signaling pathway","5.1 Immune system"
"302","04650Natural killer cell mediated cytotoxicity","5.1 Immune system"
"303","04612 NAntigen processing and presentation","5.1 Immune system"
"304","04660 NT cell receptor signaling pathway","5.1 Immune system"
"305","04658Th1 and Th2 cell differentiation","5.1 Immune system"
"306","04659Th17 cell differentiation","5.1 Immune system"
"307","04657IL-17 signaling pathway","5.1 Immune system"
"308","04662 NB cell receptor signaling pathway","5.1 Immune system"
"309","04664Fc epsilon RI signaling pathway","5.1 Immune system"
"310","04666 NFc gamma R-mediated phagocytosis","5.1 Immune system"
"311","04670Leukocyte transendothelial migration","5.1 Immune system"
"312","04672Intestinal immune network for IgA production","5.1 Immune system"
"313","04062 NChemokine signaling pathway","5.1 Immune system"
"314","04911Insulin secretion","5.2 Endocrine system"
"315","04910Insulin signaling pathway","5.2 Endocrine system"
"316","04922Glucagon signaling pathway","5.2 Endocrine system"
"317","04923Regulation of lipolysis in adipocytes","5.2 Endocrine system"
"318","04920Adipocytokine signaling pathway","5.2 Endocrine system"
"319","03320PPAR signaling pathway","5.2 Endocrine system"
"320","04929 NGnRH secretion","5.2 Endocrine system"
"321","04912 NGnRH signaling pathway","5.2 Endocrine system"
"322","04913Ovarian steroidogenesis","5.2 Endocrine system"
"323","04915 NEstrogen signaling pathway","5.2 Endocrine system"
"324","04914Progesterone-mediated oocyte maturation","5.2 Endocrine system"
"325","04917 NProlactin signaling pathway","5.2 Endocrine system"
"326","04921Oxytocin signaling pathway","5.2 Endocrine system"
"327","04926Relaxin signaling pathway","5.2 Endocrine system"
"328","04935 NGrowth hormone synthesis, secretion and action","5.2 Endocrine system"
"329","04918 NThyroid hormone synthesis","5.2 Endocrine system"
"330","04919 NThyroid hormone signaling pathway","5.2 Endocrine system"
"331","04928 NParathyroid hormone synthesis, secretion and action","5.2 Endocrine system"
"332","04916Melanogenesis","5.2 Endocrine system"
"333","04924Renin secretion","5.2 Endocrine system"
"334","04614Renin-angiotensin system","5.2 Endocrine system"
"335","04925 NAldosterone synthesis and secretion","5.2 Endocrine system"
"336","04927 NCortisol synthesis and secretion","5.2 Endocrine system"
"337","04260Cardiac muscle contraction","5.3 Circulatory system"
"338","04261 NAdrenergic signaling in cardiomyocytes","5.3 Circulatory system"
"339","04270Vascular smooth muscle contraction","5.3 Circulatory system"
"340","04970Salivary secretion","5.4 Digestive system"
"341","04971Gastric acid secretion","5.4 Digestive system"
"342","04972Pancreatic secretion","5.4 Digestive system"
"343","04976Bile secretion","5.4 Digestive system"
"344","04973Carbohydrate digestion and absorption","5.4 Digestive system"
"345","04974Protein digestion and absorption","5.4 Digestive system"
"346","04975Fat digestion and absorption","5.4 Digestive system"
"347","04979 NCholesterol metabolism","5.4 Digestive system"
"348","04977Vitamin digestion and absorption","5.4 Digestive system"
"349","04978Mineral absorption","5.4 Digestive system"
"350","04962 NVasopressin-regulated water reabsorption","5.5 Excretory system"
"351","04960Aldosterone-regulated sodium reabsorption","5.5 Excretory system"
"352","04961 NEndocrine and other factor-regulated calcium reabsorption","5.5 Excretory system"
"353","04964Proximal tubule bicarbonate reclamation","5.5 Excretory system"
"354","04966Collecting duct acid secretion","5.5 Excretory system"
"355","04724 NGlutamatergic synapse","5.6 Nervous system"
"356","04727GABAergic synapse","5.6 Nervous system"
"357","04725Cholinergic synapse","5.6 Nervous system"
"358","04728 NDopaminergic synapse","5.6 Nervous system"
"359","04726Serotonergic synapse","5.6 Nervous system"
"360","04720 NLong-term potentiation","5.6 Nervous system"
"361","04730 NLong-term depression","5.6 Nervous system"
"362","04723Retrograde endocannabinoid signaling","5.6 Nervous system"
"363","04721Synaptic vesicle cycle","5.6 Nervous system"
"364","04722Neurotrophin signaling pathway","5.6 Nervous system"
"365","04744Phototransduction","5.7 Sensory system"
"366","04745Phototransduction - fly","5.7 Sensory system"
"367","04740Olfactory transduction","5.7 Sensory system"
"368","04742Taste transduction","5.7 Sensory system"
"369","04750Inflammatory mediator regulation of TRP channels","5.7 Sensory system"
"370","04320Dorso-ventral axis formation","5.8 Development and regeneration"
"371","04360Axon guidance","5.8 Development and regeneration"
"372","04361Axon regeneration","5.8 Development and regeneration"
"373","04380Osteoclast differentiation","5.8 Development and regeneration"
"374","04211Longevity regulating pathway","5.9 Aging"
"375","04212Longevity regulating pathway - worm","5.9 Aging"
"376","04213Longevity regulating pathway - multiple species","5.9 Aging"
"377","04710Circadian rhythm","5.10 Environmental adaptation"
"378","04713Circadian entrainment","5.10 Environmental adaptation"
"379","04711Circadian rhythm - fly","5.10 Environmental adaptation"
"380","04712Circadian rhythm - plant","5.10 Environmental adaptation"
"381","04714 NThermogenesis","5.10 Environmental adaptation"
"382","04626Plant-pathogen interaction","5.10 Environmental adaptation"
"383","05200 NPathways in cancer","6.1 Cancer: overview"
"384","05202Transcriptional misregulation in cancer","6.1 Cancer: overview"
"385","05206MicroRNAs in cancer","6.1 Cancer: overview"
"386","05205Proteoglycans in cancer","6.1 Cancer: overview"
"387","05204 NChemical carcinogenesis - DNA adducts","6.1 Cancer: overview"
"388","05207 NChemical carcinogenesis - receptor activation","6.1 Cancer: overview"
"389","05208 NChemical carcinogenesis - reactive oxygen species","6.1 Cancer: overview"
"390","05203Viral carcinogenesis","6.1 Cancer: overview"
"391","05230Central carbon metabolism in cancer","6.1 Cancer: overview"
"392","05231Choline metabolism in cancer","6.1 Cancer: overview"
"393","05235PD-L1 expression and PD-1 checkpoint pathway in cancer","6.1 Cancer: overview"
"394","05210 NColorectal cancer","6.2 Cancer: specific types"
"395","05212 NPancreatic cancer","6.2 Cancer: specific types"
"396","05225 NHepatocellular carcinoma","6.2 Cancer: specific types"
"397","05226 NGastric cancer","6.2 Cancer: specific types"
"398","05214 NGlioma","6.2 Cancer: specific types"
"399","05216 NThyroid cancer","6.2 Cancer: specific types"
"400","05221 NAcute myeloid leukemia","6.2 Cancer: specific types"
"401","05220 NChronic myeloid leukemia","6.2 Cancer: specific types"
"402","05217 NBasal cell carcinoma","6.2 Cancer: specific types"
"403","05218 NMelanoma","6.2 Cancer: specific types"
"404","05211 NRenal cell carcinoma","6.2 Cancer: specific types"
"405","05219 NBladder cancer","6.2 Cancer: specific types"
"406","05215 NProstate cancer","6.2 Cancer: specific types"
"407","05213 NEndometrial cancer","6.2 Cancer: specific types"
"408","05224 NBreast cancer","6.2 Cancer: specific types"
"409","05222 NSmall cell lung cancer","6.2 Cancer: specific types"
"410","05223 NNon-small cell lung cancer","6.2 Cancer: specific types"
"411","05166 NHuman T-cell leukemia virus 1 infection","6.3 Infectious disease: viral"
"412","05170 NHuman immunodeficiency virus 1 infection","6.3 Infectious disease: viral"
"413","05161 NHepatitis B","6.3 Infectious disease: viral"
"414","05160 NHepatitis C","6.3 Infectious disease: viral"
"415","05171 NCoronavirus disease - COVID-1905164 NInfluenza A","6.3 Infectious disease: viral"
"416","05162 NMeasles","6.3 Infectious disease: viral"
"417","05168 NHerpes simplex virus 1 infection","6.3 Infectious disease: viral"
"418","05163 NHuman cytomegalovirus infection","6.3 Infectious disease: viral"
"419","05167 NKaposi sarcoma-associated herpesvirus infection","6.3 Infectious disease: viral"
"420","05169 NEpstein-Barr virus infection","6.3 Infectious disease: viral"
"421","05165 NHuman papillomavirus infection","6.3 Infectious disease: viral"
"422","05110Vibrio cholerae infection","6.4 Infectious disease: bacterial"
"423","05120Epithelial cell signaling in Helicobacter pylori infection","6.4 Infectious disease: bacterial"
"424","05130 NPathogenic Escherichia coli infection","6.4 Infectious disease: bacterial"
"425","05132 NSalmonella infection","6.4 Infectious disease: bacterial"
"426","05131 NShigellosis","6.4 Infectious disease: bacterial"
"427","05135 NYersinia infection","6.4 Infectious disease: bacterial"
"428","05133Pertussis","6.4 Infectious disease: bacterial"
"429","05134Legionellosis","6.4 Infectious disease: bacterial"
"430","05150Staphylococcus aureus infection","6.4 Infectious disease: bacterial"
"431","05152Tuberculosis","6.4 Infectious disease: bacterial"
"432","05100Bacterial invasion of epithelial cells","6.4 Infectious disease: bacterial"
"433","05146Amoebiasis","6.5 Infectious disease: parasitic"
"434","05144Malaria","6.5 Infectious disease: parasitic"
"435","05145Toxoplasmosis","6.5 Infectious disease: parasitic"
"436","05140Leishmaniasis","6.5 Infectious disease: parasitic"
"437","05142Chagas disease","6.5 Infectious disease: parasitic"
"438","05143African trypanosomiasis","6.5 Infectious disease: parasitic"
"439","05310Asthma","6.6 Immune disease"
"440","05322Systemic lupus erythematosus","6.6 Immune disease"
"441","05323Rheumatoid arthritis","6.6 Immune disease"
"442","05320Autoimmune thyroid disease","6.6 Immune disease"
"443","05321Inflammatory bowel disease","6.6 Immune disease"
"444","05330Allograft rejection","6.6 Immune disease"
"445","05332Graft-versus-host disease","6.6 Immune disease"
"446","05340Primary immunodeficiency","6.6 Immune disease"
"447","05010 NAlzheimer disease","6.7 Neurodegenerative disease"
"448","05012 NParkinson disease","6.7 Neurodegenerative disease"
"449","05014 NAmyotrophic lateral sclerosis","6.7 Neurodegenerative disease"
"450","05016 NHuntington disease","6.7 Neurodegenerative disease"
"451","05017 NSpinocerebellar ataxia","6.7 Neurodegenerative disease"
"452","05020 NPrion disease","6.7 Neurodegenerative disease"
"453","05022 NPathways of neurodegeneration - multiple diseases","6.7 Neurodegenerative disease"
"454","05030Cocaine addiction","6.8 Substance dependence"
"455","05031Amphetamine addiction","6.8 Substance dependence"
"456","05032Morphine addiction","6.8 Substance dependence"
"457","05033Nicotine addiction","6.8 Substance dependence"
"458","05034Alcoholism","6.8 Substance dependence"
"459","05417Lipid and atherosclerosis","6.9 Cardiovascular disease"
"460","05418Fluid shear stress and atherosclerosis","6.9 Cardiovascular disease"
"461","05410Hypertrophic cardiomyopathy","6.9 Cardiovascular disease"
"462","05412Arrhythmogenic right ventricular cardiomyopathy","6.9 Cardiovascular disease"
"463","05414Dilated cardiomyopathy","6.9 Cardiovascular disease"
"464","05415Diabetic cardiomyopathy","6.9 Cardiovascular disease"
"465","05416Viral myocarditis","6.9 Cardiovascular disease"
"466","04930Type II diabetes mellitus","6.10 Endocrine and metabolic disease"
"467","04940Type I diabetes mellitus","6.10 Endocrine and metabolic disease"
"468","04950Maturity onset diabetes of the young","6.10 Endocrine and metabolic disease"
"469","04936Alcoholic liver disease","6.10 Endocrine and metabolic disease"
"470","04932Non-alcoholic fatty liver disease","6.10 Endocrine and metabolic disease"
"471","04931Insulin resistance","6.10 Endocrine and metabolic disease"
"472","04933AGE-RAGE signaling pathway in diabetic complications","6.10 Endocrine and metabolic disease"
"473","04934 NCushing syndrome","6.10 Endocrine and metabolic disease"
"474","01501beta-Lactam resistance","6.11 Drug resistance: antimicrobial"
"475","01502Vancomycin resistance","6.11 Drug resistance: antimicrobial"
"476","01503Cationic antimicrobial peptide (CAMP) resistance","6.11 Drug resistance: antimicrobial"
"477","01521EGFR tyrosine kinase inhibitor resistance","6.12 Drug resistance: antineoplastic"
"478","01524Platinum drug resistance","6.12 Drug resistance: antineoplastic"
"479","01523Antifolate resistance","6.12 Drug resistance: antineoplastic"
"480","01522Endocrine resistance","6.12 Drug resistance: antineoplastic"
"481","07011Penicillins","7.1 Chronology: Antiinfectives"
"482","07012Cephalosporins - parenteral agents","7.1 Chronology: Antiinfectives"
"483","07013Cephalosporins - oral agents","7.1 Chronology: Antiinfectives"
"484","07021Aminoglycosides","7.1 Chronology: Antiinfectives"
"485","07019Tetracyclines","7.1 Chronology: Antiinfectives"
"486","07020Macrolides and ketolides","7.1 Chronology: Antiinfectives"
"487","07014Quinolones","7.1 Chronology: Antiinfectives"
"488","07023Rifamycins","7.1 Chronology: Antiinfectives"
"489","07026Antifungal agents","7.1 Chronology: Antiinfectives"
"490","07044Antiviral agents","7.1 Chronology: Antiinfectives"
"491","07053Anti-HIV agents","7.1 Chronology: Antiinfectives"
"492","07040Antineoplastics - alkylating agents","7.2 Chronology: Antineoplastics"
"493","07041Antineoplastics - antimetabolic agents","7.2 Chronology: Antineoplastics"
"494","07042Antineoplastics - agents from natural products","7.2 Chronology: Antineoplastics"
"495","07043Antineoplastics - hormones","7.2 Chronology: Antineoplastics"
"496","07045Antineoplastics - protein kinase inhibitors","7.2 Chronology: Antineoplastics"
"497","07032Hypnotics","7.3 Chronology: Nervous system agents"
"498","07030Anxiolytics","7.3 Chronology: Nervous system agents"
"499","07033Anticonvulsants","7.3 Chronology: Nervous system agents"
"500","07015Local analgesics","7.3 Chronology: Nervous system agents"
"501","07039Opioid analgesics","7.3 Chronology: Nervous system agents"
"502","07028Antipsychotics","7.3 Chronology: Nervous system agents"
"503","07029Antipsychotics - phenothiazines","7.3 Chronology: Nervous system agents"
"504","07031Antipsychotics - butyrophenones","7.3 Chronology: Nervous system agents"
"505","07027Antidepressants","7.3 Chronology: Nervous system agents"
"506","07056Agents for Alzheimer-type dementia","7.3 Chronology: Nervous system agents"
"507","07057Antiparkinsonian agents","7.3 Chronology: Nervous system agents"
"508","07055Sulfonamide derivatives - overview","7.4 Chronology: Other drugs"
"509","07016Sulfonamide derivatives - sulfa drugs","7.4 Chronology: Other drugs"
"510","07017Sulfonamide derivatives - diuretics","7.4 Chronology: Other drugs"
"511","07018Sulfonamide derivatives - hypoglycemic agents","7.4 Chronology: Other drugs"
"512","07037Antiarrhythmic drugs","7.4 Chronology: Other drugs"
"513","07038Antiulcer drugs","7.4 Chronology: Other drugs"
"514","07046Immunosuppressive agents","7.4 Chronology: Other drugs"
"515","07047Osteoporosis drugs","7.4 Chronology: Other drugs"
"516","07048Antimigraines","7.4 Chronology: Other drugs"
"517","07049Antithrombosis agents","7.4 Chronology: Other drugs"
"518","07050Antirheumatics - DMARDs and biological agents","7.4 Chronology: Other drugs"
"519","07051Antidiabetics","7.4 Chronology: Other drugs"
"520","07052Antidyslipidemic agents","7.4 Chronology: Other drugs"
"521","07054Antiglaucoma agents","7.4 Chronology: Other drugs"
"522","07220Cholinergic and anticholinergic drugs","7.5 Target-based classification: G protein-coupled receptors"
"523","07215alpha-Adrenergic receptor agonists/antagonists","7.5 Target-based classification: G protein-coupled receptors"
"524","07214beta-Adrenergic receptor agonists/antagonists","7.5 Target-based classification: G protein-coupled receptors"
"525","07213Dopamine receptor agonists/antagonists","7.5 Target-based classification: G protein-coupled receptors"
"526","07212Histamine H1 receptor antagonists","7.5 Target-based classification: G protein-coupled receptors"
"527","07227Histamine H2/H3 receptor agonists/antagonists","7.5 Target-based classification: G protein-coupled receptors"
"528","07211Serotonin receptor agonists/antagonists","7.5 Target-based classification: G protein-coupled receptors"
"529","07228Eicosanoid receptor agonists/antagonists","7.5 Target-based classification: G protein-coupled receptors"
"530","07224Opioid receptor agonists/antagonists","7.5 Target-based classification: G protein-coupled receptors"
"531","07229Angiotensin receptor and endothelin receptor antagonists","7.5 Target-based classification: G protein-coupled receptors"
"532","07225Glucocorticoid and mineralocorticoid receptor agonists/antagonists","7.6 Target-based classification: Nuclear receptors"
"533","07226Progesterone, androgen and estrogen receptor agonists/antagonists","7.6 Target-based classification: Nuclear receptors"
"534","07223Retinoic acid receptor (RAR) and retinoid X receptor (RXR) agonists/antagonists","7.6 Target-based classification: Nuclear receptors"
"535","07222Peroxisome proliferator-activated receptor (PPAR) agonists","7.6 Target-based classification: Nuclear receptors"
"536","07221Nicotinic cholinergic receptor antagonists","7.7 Target-based classification: Ion channels"
"537","07230GABA-A receptor agonists/antagonists","7.7 Target-based classification: Ion channels"
"538","07036Calcium channel blocking drugs","7.7 Target-based classification: Ion channels"
"539","07231Sodium channel blocking drugs","7.7 Target-based classification: Ion channels"
"540","07232Potassium channel blocking and opening drugs","7.7 Target-based classification: Ion channels"
"541","07235N-Methyl-D-aspartic acid (NMDA) receptor antagonists","7.7 Target-based classification: Ion channels"
"542","07233Ion transporter inhibitors","7.8 Target-based classification: Transporters"
"543","07234Neurotransmitter transporter inhibitors","7.8 Target-based classification: Transporters"
"544","07216Catecholamine transferase inhibitors","7.9 Target-based classification: Enzymes"
"545","07219Cyclooxygenase inhibitors","7.9 Target-based classification: Enzymes"
"546","07024HMG-CoA reductase inhibitors","7.9 Target-based classification: Enzymes"
"547","07217Renin-angiotensin system inhibitors","7.9 Target-based classification: Enzymes"
"548","07218HIV protease inhibitors","7.9 Target-based classification: Enzymes"
"549","07025Quinolines","7.10 Structure-based classification"
"550","07034Eicosanoids","7.10 Structure-based classification"
"551","07035Prostaglandins","7.10 Structure-based classification"
"552","07110Benzoic acid family","7.11 Skeleton-based classification"
"553","071121,2-Diphenyl substitution family","7.11 Skeleton-based classification"
"554","07114Naphthalene family","7.11 Skeleton-based classification"
"555","07117Benzodiazepine family","7.11 Skeleton-based classification"
