"","kegg classifier","Detected versus pathway total ratio","kegg_pathwayname","pathwayId","Pval","Num_In_Path","Total_In_Path","Pval_FDR","Pval_Holm","Detected_metabolites"
"1","1.3 Lipid metabolism",0.75,"Fatty acid Metabolism","map00071",2.59410894447442e-08,27,36,1.30136195253276e-06,1.32299556168196e-06,"trans-2-Hexenoyl-CoA;
S-2-Octenoyl CoA;
(S)-Hydroxydecanoyl-CoA;
3-Oxotetradecanoyl-CoA;
Octanoyl-CoA;
Decanoyl-CoA (n-C10:0CoA);
Acetoacetyl-CoA;
FAD;
3-Oxohexanoyl-CoA;
Butyryl-CoA;
3-Hydroxybutyryl-CoA;
Palmitoylcarnitine;
Tetradecanoyl-CoA;
Glutaryl-CoA;
trans-D-Decenoyl-CoA;
Crotonoyl-CoA;
(2E)-Tetradecenoyl-CoA;
3-Oxodecanoyl-CoA;
Hexanoyl-CoA;
3-Oxooctanoyl-CoA;
Adenosine triphosphate;
Lauroyl-CoA;
Acetyl CoA;
(S)-3-Hydroxydodecanoyl-CoA;
3-Oxododecanoyl-CoA;
(S)-Hydroxyhexanoyl-CoA;
(S)-Hydroxyoctanoyl-CoA;
(S)-Hydroxydecanoyl-CoA;
Ac-CoA;
Adenosine triphosphate;
3'-phosphoadenosine 5'-{3-[(3R)-3-hydroxy-4-({3-[(2-{[(3R)-3-hydroxybutanoyl]sulfanyl}ethyl)amino]-3-oxopropyl}amino)-2,2-dimethyl-4-oxobutyl] dihydrogen diphosphate};
(S)-3-hydroxybutanoyl-CoA;
3'-phosphoadenosine 5'-{3-[(3R)-4-({3-[(2-{[(2E)-but-2-enoyl]sulfanyl}ethyl)amino]-3-oxopropyl}amino)-3-hydroxy-2,2-dimethyl-4-oxobutyl] dihydrogen diphosphate};
3'-phosphoadenosine 5'-(3-{(3R)-4-[(3-{[2-(butanoylsulfanyl)ethyl]amino}-3-oxopropyl)amino]-3-hydroxy-2,2-dimethyl-4-oxobutyl} dihydrogen diphosphate);
Dodecanoyl-CoA;
3'-phosphoadenosine 5'-{3-[(3R)-4-{[3-({2-[(4-carboxybutanoyl)sulfanyl]ethyl}amino)-3-oxopropyl]amino}-3-hydroxy-2,2-dimethyl-4-oxobutyl] dihydrogen diphosphate};
myristoyl-CoA;
Octanoyl-CoA;
L-PCARN;
(S)-3-Hydroxytetradecanoyl-CoA;
2E-octenoyl-CoA;
(S)-3-Hydroxydodecanoyl-CoA;
(2E)-Tetradecenoyl-CoA;
3-oxo-dodecanoyl-CoA;
3'-phosphoadenosine 5'-{3-[(3R)-3-hydroxy-2,2-dimethyl-4-oxo-4-{[3-oxo-3-({2-[(3-oxooctanoyl)sulfanyl]ethyl}amino)propyl]amino}butyl] dihydrogen diphosphate};
(S)-3-hydroxyhexanoyl-CoA;
(S)-3-hydroxydecanoyl-CoA;
3'-phosphoadenosine 5'-(3-{(3R)-4-[(3-{[2-(decanoylsulfanyl)ethyl]amino}-3-oxopropyl)amino]-3-hydroxy-2,2-dimethyl-4-oxobutyl} dihydrogen diphosphate);
3'-phosphoadenosine 5'-{3-[(3R)-3-hydroxy-2,2-dimethyl-4-oxo-4-{[3-oxo-3-({2-[(3-oxodecanoyl)sulfanyl]ethyl}amino)propyl]amino}butyl] dihydrogen diphosphate};
(S)-3-hydroxyoctanoyl-CoA;
2E-hexenoyl-CoA;
trans-delta2-decenoyl-CoA;
3-(hexadecanoyloxy)-4-(trimethylazaniumyl)butanoate;
L-PCARN;
Butanoyl-CoA;
Acetyl-CoA;
myristoyl-CoA;
(S)-3-Hydroxytetradecanoyl-CoA;
3-oxo-myristoyl-CoA;
(S)-3-Hydroxydodecanoyl-CoA;
3-oxo-lauroyl-CoA;
(S)-Hydroxydecanoyl-CoA;
3-oxo-decanoyl-CoA;
(S)-Hydroxyoctanoyl-CoA;
3-oxo-octanoyl-CoA;
(S)-Hydroxyhexanoyl-CoA;
2E-hexenoyl-CoA;
(2E)-Tetradecenoyl-CoA;
(2E)-Decenoyl-CoA;
(2E)-Octenoyl-CoA;
Decanoyl-CoA;
(S)-3-Hydroxybutyryl-CoA;
3S-hydroxydodecanoyl-CoA;
3S-hydroxy-hexanoyl-CoA;
3-oxo-dodecanoyl-CoA;
3-oxo-hexanoyl-CoA;
(2E)-Butenoyl-CoA;
R-hexanoyl CoA;
L-Palmitoylcarnitine;
O-Palmitoylcarnitine;
Acetyl CoA;
Flavinat;
Lauroyl CoA;
[[(2R,5R)-5-(6-Aminopurin-9-yl)-3,4-dihydroxyoxolan-2-yl]methoxy-hydroxyphosphoryl] phosphono hydrogen phosphate;
(3S)-3-hydroxydecanoyl-CoA;
2-Decenoyl-CoA;
3-oxobutanoyl-CoA;
(3R)-3-hydroxyoctanoyl-CoA;
(S)-3-hydroxybutanoyl-CoA;
(S)-3-hydroxydecanoyl-CoA;
butanoyl-CoA;
decanoyl-CoA"
"2","1.3 Lipid metabolism",0.793103448275862,"Fatty Acid Elongation In Mitochondria","map00062",5.10338020601082e-08,23,29,1.30136195253276e-06,2.55169010300541e-06,"trans-2-Hexenoyl-CoA;
S-2-Octenoyl CoA;
(S)-Hydroxydecanoyl-CoA;
(2E)-Dodecenoyl-CoA;
3-Oxotetradecanoyl-CoA;
Octanoyl-CoA;
Decanoyl-CoA (n-C10:0CoA);
3-Oxohexanoyl-CoA;
Butyryl-CoA;
Tetradecanoyl-CoA;
trans-D-Decenoyl-CoA;
(2E)-Tetradecenoyl-CoA;
3-Oxodecanoyl-CoA;
Hexanoyl-CoA;
NADPH;
NADP;
3-Oxooctanoyl-CoA;
Lauroyl-CoA;
Acetyl CoA;
(S)-3-Hydroxydodecanoyl-CoA;
3-Oxododecanoyl-CoA;
(S)-Hydroxyhexanoyl-CoA;
(S)-Hydroxyoctanoyl-CoA;
(S)-Hydroxydecanoyl-CoA;
Ac-CoA;
(2E)-Dodecenoyl-CoA;
3'-phosphoadenosine 5'-(3-{(3R)-4-[(3-{[2-(butanoylsulfanyl)ethyl]amino}-3-oxopropyl)amino]-3-hydroxy-2,2-dimethyl-4-oxobutyl} dihydrogen diphosphate);
Dodecanoyl-CoA;
myristoyl-CoA;
Octanoyl-CoA;
NADP;
(S)-3-Hydroxytetradecanoyl-CoA;
2E-octenoyl-CoA;
(S)-3-Hydroxydodecanoyl-CoA;
(2E)-Tetradecenoyl-CoA;
3-oxo-dodecanoyl-CoA;
3'-phosphoadenosine 5'-{3-[(3R)-3-hydroxy-2,2-dimethyl-4-oxo-4-{[3-oxo-3-({2-[(3-oxooctanoyl)sulfanyl]ethyl}amino)propyl]amino}butyl] dihydrogen diphosphate};
(S)-3-hydroxyhexanoyl-CoA;
(S)-3-hydroxydecanoyl-CoA;
3'-phosphoadenosine 5'-(3-{(3R)-4-[(3-{[2-(decanoylsulfanyl)ethyl]amino}-3-oxopropyl)amino]-3-hydroxy-2,2-dimethyl-4-oxobutyl} dihydrogen diphosphate);
3'-phosphoadenosine 5'-{3-[(3R)-3-hydroxy-2,2-dimethyl-4-oxo-4-{[3-oxo-3-({2-[(3-oxodecanoyl)sulfanyl]ethyl}amino)propyl]amino}butyl] dihydrogen diphosphate};
(S)-3-hydroxyoctanoyl-CoA;
2E-hexenoyl-CoA;
trans-delta2-decenoyl-CoA;
NADP;
Butanoyl-CoA;
Acetyl-CoA;
myristoyl-CoA;
(S)-3-Hydroxytetradecanoyl-CoA;
3-oxo-myristoyl-CoA;
(S)-3-Hydroxydodecanoyl-CoA;
3-oxo-lauroyl-CoA;
(S)-Hydroxydecanoyl-CoA;
3-oxo-decanoyl-CoA;
(S)-Hydroxyoctanoyl-CoA;
3-oxo-octanoyl-CoA;
(S)-Hydroxyhexanoyl-CoA;
2E-hexenoyl-CoA;
(2E)-Tetradecenoyl-CoA;
(2E)-Decenoyl-CoA;
(2E)-Octenoyl-CoA;
Decanoyl-CoA;
2E-Dodecenoyl-CoA;
3S-hydroxydodecanoyl-CoA;
3S-hydroxy-hexanoyl-CoA;
3-oxo-dodecanoyl-CoA;
3-oxo-hexanoyl-CoA;
R-hexanoyl CoA;
Adenosine 5'-(trihydrogen diphosphate), 2'-(dihydrogen phosphate), P'.fwdarw.5'-ester with 3-(aminocarbonyl)-1-beta-D-ribofuranosylpyridinium, inner salt;
Acetyl CoA;
Lauroyl CoA;
(3S)-3-hydroxydecanoyl-CoA;
2-Decenoyl-CoA;
(3R)-3-hydroxyoctanoyl-CoA;
(S)-3-hydroxydecanoyl-CoA;
2-trans-dodecenoyl-CoA;
butanoyl-CoA;
decanoyl-CoA"
"3","1.8 Metabolism of cofactors and vitamins",0.638888888888889,"Porphyrin Metabolism","map00860",2.59745889785311e-05,23,36,0.000441568012635029,0.00127275485994803,"Biliverdin;
Farnesyl pyrophosphate;
Heme O;
FAD;
Coproporphyrin III;
Heme;
Urobilinogen;
Bilirubin diglucuronide;
Uroporphyrin III;
Uroporphyrinogen I;
Uroporphyrinogen III;
Uridine diphosphate glucuronic acid;
Coproporphyrinogen III;
Coproporphyrinogen I;
UDP-D-galacturonic acid;
Coproporphyrin I;
Protoporphyrin IX;
Heme A;
Uridine 5'-diphosphate;
Succinyl-CoA;
Uroporphyrin I;
Bilirubin;
(4E,15Z)-Bilirubin;
(4E,15E)-Bilirubin;
Hydroxymethylbilane;
Protoporphyrinogen IX;
3'-phosphoadenosine 5'-{3-[(3R)-4-{[3-({2-[(3-carboxypropanoyl)sulfanyl]ethyl}amino)-3-oxopropyl]amino}-3-hydroxy-2,2-dimethyl-4-oxobutyl] dihydrogen diphosphate};
PRIN9;
PPGEN9;
URO3;
COPRO3;
BIL;
Biliverdin;
UDP-GlcA;
2-trans,6-trans-farnesyl diphosphate;
ferroheme b;
UDP;
COPRO1;
URO1;
D-UBGN;
farnesyl diphosphate;
UDP-L-iduronate;
Heme;
BDG;
D-UBGN;
Diphosphoric acid,P-(3,7,11-trimethyl-2,6,10-dodecatrienyl) ester;
Flavinat;
(2R,3R,4R,5S,6R)-6-[[[(2S,3R,4R,5R)-5-(2,4-Dioxopyrimidin-1-yl)-3,4-dihydroxyoxolan-2-yl]methoxy-hydroxyphosphoryl]oxy-hydroxyphosphoryl]oxy-3,4,5-trihydroxyoxane-2-carboxylic acid;
biliverdin-IX-alpha"
"4","1.8 Metabolism of cofactors and vitamins",0.652173913043478,"One carbon pool by folate","map00670",0.000547489644482842,15,23,0.00698049296715624,0.0262795029351764,"5-Methyl Tetrahydrofolate;
Tetrahydrofolate;
FAD;
5-Formiminotetrahydrofolic acid;
10-Formyl Tetrahydrofolate;
5,10-Methenyltetrahydrofolic acid;
Dihydrofolate Vitamin B9;
NADPH;
NADP;
Pteroyl-D-glutamic acid;
Adenosine triphosphate;
ADP;
Folate;
Folinic acid;
5,10-Methenyl Tetrahydrofolate;
Adenosine triphosphate;
DHF;
5,10-Methenyltetrahydrofolic acid;
10-Formyl-THF;
5-formimidoyltetrahydrofolic acid;
5-Methyl-THF;
Tetrahydropteroyltri-L-glutamic acid;
NADP;
Tetrahydrofolic acid;
Folic acid;
tetrahydrofolyl-poly(glutamic acid) macromolecule;
(6R)-5,10-methenyltetrahydrofolate;
5-Formyl-THF;
NADP;
Dihydrofolate;
5,10-Methenyl-THF;
5-methyl-THF;
5,10-Methylene-THF;
Tetrahydrofolyl-[Glu](2);
Tetrahydrofolyl-[Glu](n);
5,6,7,8-Tetrahydrofolic acid;
2-(4-(((2-Amino-4-oxo-3,4,7,8-tetrahydropteridin-6-yl)methyl)amino)benzamido)pentanedioic acid;
(4S)-4-[[4-(3-Amino-1-oxo-5,6,6a,7-tetrahydro-2H-imidazo[1,5-f]pteridin-10-ium-8-yl)benzoyl]amino]-5-hydroxy-5-oxopentanoate;
Adenosine 5'-(trihydrogen diphosphate), 2'-(dihydrogen phosphate), P'.fwdarw.5'-ester with 3-(aminocarbonyl)-1-beta-D-ribofuranosylpyridinium, inner salt;
Folcidin;
(6R)-Folinic acid;
[(2S,3R,4R,5R)-5-(6-Aminopurin-9-yl)-3,4-dihydroxyoxolan-2-yl]methyl phosphono hydrogen phosphate;
Flavinat;
Levomefolic acid;
[[(2R,5R)-5-(6-Aminopurin-9-yl)-3,4-dihydroxyoxolan-2-yl]methoxy-hydroxyphosphoryl] phosphono hydrogen phosphate;
5-formyl-tetrahydrofolate;
7,8-dihydrofolate;
tetrahydrofolate;
tetrahydropteroyl tri-L-glutamate"
"5","1.3 Lipid metabolism",0.6,"Phospholipid Biosynthesis","map00564",0.00192554056760221,15,25,0.0182160250779298,0.0905004066773037,"Lyso-PC(/20:4);
LysoPC(14:1(9Z)/0:0);
FAD;
FADH;
PC(16:0/16:0);
PS(16:0/16:0);
LysoPE(16:0/0:0);
PA(16:0/16:0);
PE(16:0/16:0);
Citicoline;
1-(9Z-tetradecenoyl)-sn-glycero-3-phosphocholine;
1-tetradecanoyl-2-eicosanoyl-sn-glycero-3-phosphocholine;
PGP(16:0/16:0);
FADH;
CDP-choline;
Dipalmitoylphosphatidylglycerol;
1-hexadecanoyl-sn-glycero-3-phosphate;
1-hexadecanoyl-2-(11Z-octadecenoyl)-sn-glycero-3-phosphate;
1-(9Z-tetradecenoyl)-sn-glycero-3-phosphocholine;
1-tetradecanoyl-2-eicosanoyl-sn-glycero-3-phosphocholine;
1-hexadecanoyl-sn-glycero-3-phosphoethanolamine;
1,2-dihexadecanoyl-sn-glycero-3-phosphoethanolamine;
1,2-dihexadecanoyl-sn-glycero-3-phospho-(1'-sn-glycerol);
1,2-dihexadecanoyl-rac-glycerol;
dipalmitoyl phosphatidate;
1,2-dihexadecanoyl-sn-glycero-3-phosphate;
1,2-dihexadecanoyl-rac-glycerol;
1,2-dihexadecanoyl-sn-glycero-3-phosphoserine;
Citicoline;
1,2-dihexadecanoyl-sn-glycero-3-cytidine-5'-diphosphate;
1,2-dihexadecanoyl-rac-glycerol;
1,2-dihexadecanoyl-rac-glycerol;
1,2-dihexadecanoyl-rac-glycerol;
1,2-dihexadecanoyl-rac-glycerol;
1,2-dihexadecanoyl-rac-glycerol;
LysoPA(0:0/16:0);
LysoPA(0:0/18:0);
LysoPA(0:0/18:2(9Z,12Z));
1-hexadecanoyl-2-(11Z-octadecenoyl)-sn-glycero-3-phosphate;
1-hexadecanoyl-2-(11Z-octadecenoyl)-sn-glycero-3-phosphate;
1-hexadecanoyl-2-(11Z-octadecenoyl)-sn-glycero-3-phosphate;
1-hexadecanoyl-2-(11Z-octadecenoyl)-sn-glycero-3-phosphate;
PA(18:1(11Z)/18:1(11Z));
1-tetradecanoyl-2-eicosanoyl-sn-glycero-3-phosphocholine;
1-tetradecanoyl-2-eicosanoyl-sn-glycero-3-phosphocholine;
1-tetradecanoyl-2-eicosanoyl-sn-glycero-3-phosphocholine;
1-tetradecanoyl-2-eicosanoyl-sn-glycero-3-phosphocholine;
1-tetradecanoyl-2-eicosanoyl-sn-glycero-3-phosphocholine;
1-tetradecanoyl-2-eicosanoyl-sn-glycero-3-phosphocholine;
1-tetradecanoyl-2-eicosanoyl-sn-glycero-3-phosphocholine;
PC(14:0/P-18:1(11Z));
PC(14:0/P-18:1(9Z));
1-tetradecanoyl-2-eicosanoyl-sn-glycero-3-phosphocholine;
1-tetradecanoyl-2-eicosanoyl-sn-glycero-3-phosphocholine;
1-tetradecanoyl-2-eicosanoyl-sn-glycero-3-phosphocholine;
1-tetradecanoyl-2-eicosanoyl-sn-glycero-3-phosphocholine;
1-tetradecanoyl-2-eicosanoyl-sn-glycero-3-phosphocholine;
1-tetradecanoyl-2-eicosanoyl-sn-glycero-3-phosphocholine;
1-tetradecanoyl-2-eicosanoyl-sn-glycero-3-phosphocholine;
1-tetradecanoyl-2-eicosanoyl-sn-glycero-3-phosphocholine;
1-tetradecanoyl-2-eicosanoyl-sn-glycero-3-phosphocholine;
PC(15:0/24:0);
PC(15:0/24:1(15Z));
PC(15:0/P-18:1(9Z));
1-tetradecanoyl-2-eicosanoyl-sn-glycero-3-phosphocholine;
1-tetradecanoyl-2-eicosanoyl-sn-glycero-3-phosphocholine;
1-tetradecanoyl-2-eicosanoyl-sn-glycero-3-phosphocholine;
1-tetradecanoyl-2-eicosanoyl-sn-glycero-3-phosphocholine;
1-tetradecanoyl-2-eicosanoyl-sn-glycero-3-phosphocholine;
1-tetradecanoyl-2-eicosanoyl-sn-glycero-3-phosphocholine;
1-tetradecanoyl-2-eicosanoyl-sn-glycero-3-phosphocholine;
1-tetradecanoyl-2-eicosanoyl-sn-glycero-3-phosphocholine;
PC(16:1(9Z)/P-18:0);
PC(16:1(9Z)/P-18:1(11Z));
PC(18:1(11Z)/14:1(9Z));
PC(18:1(11Z)/15:0);
1-tetradecanoyl-2-eicosanoyl-sn-glycero-3-phosphocholine;
1-tetradecanoyl-2-eicosanoyl-sn-glycero-3-phosphocholine;
1-tetradecanoyl-2-eicosanoyl-sn-glycero-3-phosphocholine;
1-tetradecanoyl-2-eicosanoyl-sn-glycero-3-phosphocholine;
1-tetradecanoyl-2-eicosanoyl-sn-glycero-3-phosphocholine;
1-tetradecanoyl-2-eicosanoyl-sn-glycero-3-phosphocholine;
1-tetradecanoyl-2-eicosanoyl-sn-glycero-3-phosphocholine;
1-tetradecanoyl-2-eicosanoyl-sn-glycero-3-phosphocholine;
1-tetradecanoyl-2-eicosanoyl-sn-glycero-3-phosphocholine;
PC(18:1(9Z)/22:5(4Z,7Z,10Z,13Z,16Z));
PC(18:1(9Z)/P-16:0);
PC(18:1(9Z)/P-18:1(9Z));
1-tetradecanoyl-2-eicosanoyl-sn-glycero-3-phosphocholine;
1-tetradecanoyl-2-eicosanoyl-sn-glycero-3-phosphocholine;
1-tetradecanoyl-2-eicosanoyl-sn-glycero-3-phosphocholine;
1-tetradecanoyl-2-eicosanoyl-sn-glycero-3-phosphocholine;
PC(18:3(6Z,9Z,12Z)/P-16:0);
1-tetradecanoyl-2-eicosanoyl-sn-glycero-3-phosphocholine;
1-tetradecanoyl-2-eicosanoyl-sn-glycero-3-phosphocholine;
1-tetradecanoyl-2-eicosanoyl-sn-glycero-3-phosphocholine;
1-tetradecanoyl-2-eicosanoyl-sn-glycero-3-phosphocholine;
1-tetradecanoyl-2-eicosanoyl-sn-glycero-3-phosphocholine;
1-tetradecanoyl-2-eicosanoyl-sn-glycero-3-phosphocholine;
1-tetradecanoyl-2-eicosanoyl-sn-glycero-3-phosphocholine;
1-tetradecanoyl-2-eicosanoyl-sn-glycero-3-phosphocholine;
1-tetradecanoyl-2-eicosanoyl-sn-glycero-3-phosphocholine;
1-tetradecanoyl-2-eicosanoyl-sn-glycero-3-phosphocholine;
1-tetradecanoyl-2-eicosanoyl-sn-glycero-3-phosphocholine;
1-tetradecanoyl-2-eicosanoyl-sn-glycero-3-phosphocholine;
PC(20:1(11Z)/24:0);
1-tetradecanoyl-2-eicosanoyl-sn-glycero-3-phosphocholine;
PC(20:3(5Z,8Z,11Z)/20:3(8Z,11Z,14Z));
PC(20:3(5Z,8Z,11Z)/20:4(8Z,11Z,14Z,17Z));
1-tetradecanoyl-2-eicosanoyl-sn-glycero-3-phosphocholine;
1-tetradecanoyl-2-eicosanoyl-sn-glycero-3-phosphocholine;
1-tetradecanoyl-2-eicosanoyl-sn-glycero-3-phosphocholine;
1-tetradecanoyl-2-eicosanoyl-sn-glycero-3-phosphocholine;
1-tetradecanoyl-2-eicosanoyl-sn-glycero-3-phosphocholine;
1-tetradecanoyl-2-eicosanoyl-sn-glycero-3-phosphocholine;
1-tetradecanoyl-2-eicosanoyl-sn-glycero-3-phosphocholine;
1-tetradecanoyl-2-eicosanoyl-sn-glycero-3-phosphocholine;
PC(20:4(5Z,8Z,11Z,14Z)/20:4(8Z,11Z,14Z,17Z));
PC(20:5(5Z,8Z,11Z,14Z,17Z)/20:3(5Z,8Z,11Z));
1-tetradecanoyl-2-eicosanoyl-sn-glycero-3-phosphocholine;
1-tetradecanoyl-2-eicosanoyl-sn-glycero-3-phosphocholine;
PC(20:5(5Z,8Z,11Z,14Z,17Z)/20:4(8Z,11Z,14Z,17Z));
1-tetradecanoyl-2-eicosanoyl-sn-glycero-3-phosphocholine;
1-tetradecanoyl-2-eicosanoyl-sn-glycero-3-phosphocholine;
1-tetradecanoyl-2-eicosanoyl-sn-glycero-3-phosphocholine;
1-tetradecanoyl-2-eicosanoyl-sn-glycero-3-phosphocholine;
1-tetradecanoyl-2-eicosanoyl-sn-glycero-3-phosphocholine;
PC(22:2(13Z,16Z)/22:1(13Z));
1-tetradecanoyl-2-eicosanoyl-sn-glycero-3-phosphocholine;
PC(22:2(13Z,16Z)/22:5(4Z,7Z,10Z,13Z,16Z));
PC(22:2(13Z,16Z)/22:5(7Z,10Z,13Z,16Z,19Z));
PC(22:4(7Z,10Z,13Z,16Z)/P-18:1(9Z));
PC(22:5(4Z,7Z,10Z,13Z,16Z)/15:0);
PC(22:5(4Z,7Z,10Z,13Z,16Z)/16:0);
PC(22:5(4Z,7Z,10Z,13Z,16Z)/16:1(9Z));
PC(22:5(4Z,7Z,10Z,13Z,16Z)/18:1(9Z));
PC(22:5(4Z,7Z,10Z,13Z,16Z)/20:2(11Z,14Z));
PC(22:5(4Z,7Z,10Z,13Z,16Z)/20:4(8Z,11Z,14Z,17Z));
PC(22:5(4Z,7Z,10Z,13Z,16Z)/22:0);
PC(22:5(4Z,7Z,10Z,13Z,16Z)/22:5(7Z,10Z,13Z,16Z,19Z));
PC(22:5(4Z,7Z,10Z,13Z,16Z)/22:6(4Z,7Z,10Z,13Z,16Z,19Z));
PC(22:5(4Z,7Z,10Z,13Z,16Z)/24:0);
PC(22:5(4Z,7Z,10Z,13Z,16Z)/24:1(15Z));
PC(22:5(4Z,7Z,10Z,13Z,16Z)/P-18:0);
PC(22:5(4Z,7Z,10Z,13Z,16Z)/P-18:1(9Z));
1-tetradecanoyl-2-eicosanoyl-sn-glycero-3-phosphocholine;
PC(22:5(7Z,10Z,13Z,16Z,19Z)/15:0);
PC(22:5(7Z,10Z,13Z,16Z,19Z)/16:0);
PC(22:5(7Z,10Z,13Z,16Z,19Z)/18:2(9Z,12Z));
PC(22:5(7Z,10Z,13Z,16Z,19Z)/18:3(6Z,9Z,12Z));
PC(22:5(7Z,10Z,13Z,16Z,19Z)/18:3(9Z,12Z,15Z));
PC(22:5(7Z,10Z,13Z,16Z,19Z)/18:4(6Z,9Z,12Z,15Z));
PC(22:5(7Z,10Z,13Z,16Z,19Z)/20:2(11Z,14Z));
PC(22:5(7Z,10Z,13Z,16Z,19Z)/20:3(5Z,8Z,11Z));
PC(22:5(7Z,10Z,13Z,16Z,19Z)/20:4(8Z,11Z,14Z,17Z));
1-tetradecanoyl-2-eicosanoyl-sn-glycero-3-phosphocholine;
1-tetradecanoyl-2-eicosanoyl-sn-glycero-3-phosphocholine;
1-tetradecanoyl-2-eicosanoyl-sn-glycero-3-phosphocholine;
PC(22:6(4Z,7Z,10Z,13Z,16Z,19Z)/20:3(5Z,8Z,11Z));
1-tetradecanoyl-2-eicosanoyl-sn-glycero-3-phosphocholine;
1-tetradecanoyl-2-eicosanoyl-sn-glycero-3-phosphocholine;
PC(22:6(4Z,7Z,10Z,13Z,16Z,19Z)/22:5(4Z,7Z,10Z,13Z,16Z));
PC(22:6(4Z,7Z,10Z,13Z,16Z,19Z)/22:5(7Z,10Z,13Z,16Z,19Z));
1-tetradecanoyl-2-eicosanoyl-sn-glycero-3-phosphocholine;
PC(22:6(4Z,7Z,10Z,13Z,16Z,19Z)/24:0);
PC(22:6(4Z,7Z,10Z,13Z,16Z,19Z)/24:1(15Z));
PC(22:6(4Z,7Z,10Z,13Z,16Z,19Z)/P-18:0);
PC(22:6(4Z,7Z,10Z,13Z,16Z,19Z)/P-18:1(9Z));
1-tetradecanoyl-2-eicosanoyl-sn-glycero-3-phosphocholine;
1-tetradecanoyl-2-eicosanoyl-sn-glycero-3-phosphocholine;
1-tetradecanoyl-2-eicosanoyl-sn-glycero-3-phosphocholine;
1-tetradecanoyl-2-eicosanoyl-sn-glycero-3-phosphocholine;
1-tetradecanoyl-2-eicosanoyl-sn-glycero-3-phosphocholine;
PC(24:0/20:3(5Z,8Z,11Z));
PC(24:0/20:4(8Z,11Z,14Z,17Z));
PC(24:1(15Z)/18:2(9Z,12Z));
PC(24:1(15Z)/20:0);
1,2-dihexadecanoyl-sn-glycero-3-phospho-(1'-myo-inositol);
1-(9Z-tetradecenoyl)-sn-glycero-3-phosphocholine;
1-(9Z-tetradecenoyl)-sn-glycero-3-phosphocholine;
1-(9Z-tetradecenoyl)-sn-glycero-3-phosphocholine;
1-(9Z-tetradecenoyl)-sn-glycero-3-phosphocholine;
1-(9Z-tetradecenoyl)-sn-glycero-3-phosphocholine;
1-(9Z-tetradecenoyl)-sn-glycero-3-phosphocholine;
1-(9Z-tetradecenoyl)-sn-glycero-3-phosphocholine;
1-(9Z-tetradecenoyl)-sn-glycero-3-phosphocholine;
1-(9Z-tetradecenoyl)-sn-glycero-3-phosphocholine;
1-(9Z-tetradecenoyl)-sn-glycero-3-phosphocholine;
1-(9Z-tetradecenoyl)-sn-glycero-3-phosphocholine;
1-(9Z-tetradecenoyl)-sn-glycero-3-phosphocholine;
1-(9Z-tetradecenoyl)-sn-glycero-3-phosphocholine;
1-(9Z-tetradecenoyl)-sn-glycero-3-phosphocholine;
1-(9Z-tetradecenoyl)-sn-glycero-3-phosphocholine;
1-(9Z-tetradecenoyl)-sn-glycero-3-phosphocholine;
1-(9Z-tetradecenoyl)-sn-glycero-3-phosphocholine;
1-(9Z-tetradecenoyl)-sn-glycero-3-phosphocholine;
1-(9Z-tetradecenoyl)-sn-glycero-3-phosphocholine;
1-(9Z-tetradecenoyl)-sn-glycero-3-phosphocholine;
1-(9Z-tetradecenoyl)-sn-glycero-3-phosphocholine;
1-(9Z-tetradecenoyl)-sn-glycero-3-phosphocholine;
1-(9Z-tetradecenoyl)-sn-glycero-3-phosphocholine;
2,3-Bis(palmitoyloxy)propyl dihydrogen phosphate;
1,2-Dipalmitoylphosphatidylcholine;
1,2-Dipalmitoyl-rac-glycero-3-phosphoethanolamine;
Flavinat;
[3-[2-Aminoethoxy(hydroxy)phosphoryl]oxy-2-hydroxypropyl] hexadecanoate;
1-Palmitoylphosphatidylcholine;
2-Lysophosphatidylcholine;
Cytidine-5'-diphosphocholine"
"6","1.3 Lipid metabolism",0.483333333333333,"Primary bile acid biosynthesis","map00120",0.0021430617738741,29,60,0.0182160250779298,0.0985808415982085,"3b,7b,12a-Trihydroxy-5b-cholanoic acid;
3beta,7alpha-Dihydroxy-5-cholestenoate;
7alpha-Hydroxy-3-oxo-4-cholestenoate;
Ursodeoxycholic acid;
FAD;
Tauroursodeoxycholic acid;
Heme;
CE(12:0);
3b,7a,12a-Trihydroxy-5a-Cholanoic acid;
Allochenodeoxycholic acid;
3alpha,7alpha-Dihydroxycoprostanic acid;
Allodeoxycholic acid;
Allocholic acid;
3b,12a-Dihydroxy-5a-cholanoic acid;
Ursocholic acid;
3a,7a-Dihydroxycholanoic acid;
Propionyl-CoA;
3b,7a,12a-Trihydroxy-5b-cholanoic acid;
Deoxycholic acid glycine conjugate;
3a,7a,12a-Trihydroxy-5b-cholestan-26-al;
7a-Hydroxy-cholestene-3-one;
7 alpha,26-Dihydroxy-4-cholesten-3-one;
Chenodeoxycholic acid;
Glycocholic acid;
Taurochenodesoxycholic acid;
Taurodeoxycholic acid;
Lithocholyltaurine;
NADPH;
NADP;
Coprocholic acid;
Adenosine triphosphate;
3b,7a-Dihydroxy-5b-cholanoic acid;
3beta-Hydroxy-5-cholestenoic acid;
3a,12b-Dihydroxy-5b-cholanoic acid;
3b,12a-Dihydroxy-5b-cholanoic acid;
ADP;
Taurallocholic acid;
3a,7b,12a-Trihydroxy-5a-Cholanoic acid;
3b,7b,12a-Trihydroxy-5a-Cholanoic acid;
Chenodeoxycholic acid glycine conjugate;
Glycoursodeoxycholic acid;
3a,7b,12a-Trihydroxyoxocholanyl-Glycine;
3alpha,7alpha,12beta-Trihydroxy-5beta-cholanoic acid;
Isoursodeoxycholic acid;
Taurocholic acid;
Allocholic acid;
3a,7b,12b-Trihydroxy-5b-cholanoic acid;
Deoxycholic acid;
3beta,12beta-Dihydroxy-5beta-cholanoic acid;
Tauroursocholic acid;
CE(12:0);
Adenosine triphosphate;
3'-phosphoadenosine 5'-(3-{(3R)-3-hydroxy-2,2-dimethyl-4-oxo-4-[(3-oxo-3-{[2-(propanoylsulfanyl)ethyl]amino}propyl)amino]butyl} dihydrogen diphosphate);
3Alpha,7Alpha,12Alpha-trihydroxy-5Beta-cholan-24-oic acid;
3a,7a,12a-Trihydroxy-5b-cholestan-26-al;
N-(3alpha,7alpha-dihydroxy-5beta-cholan-24-oyl)-taurine;
3alpha,7alpha-dihydroxy-5beta-cholestan-26-oic acid;
3alpha,7alpha-Dihydroxy-5beta-cholan-24-oic Acid;
ferroheme b;
GCCA;
7a-Hydroxy-cholestene-3-one;
NADP;
3alpha,7alpha,12alpha-trihydroxy-5beta-cholestan-26-oic acid;
3alpha,7alpha,12alpha,26,27-pentahydroxy-5beta-cholestane 26-sulfate;
Deoxycholic acid glycine conjugate;
7a,12a-Dihydroxy-cholestene-3-one;
3alpha,12alpha-Dihydroxy-5beta-cholan-24-oic Acid;
N-(3alpha,7alpha,12alpha-trihydroxy-5beta-cholan-24-oyl)-taurine;
3alpha,7alpha,12beta-Trihydroxy-5beta-cholan-24-oic Acid;
Lithocholyltaurine;
N-Choloylglycine;
Chenodeoxycholic acid glycine conjugate;
3beta,7beta-Dihydroxy-5beta-cholan-24-oic Acid;
7alpha,24-dihydroxycholest-4-en-3-one;
3alpha,7beta,12alpha-Trihydroxy-5beta-cholan-24-oic Acid;
3Alpha,7Alpha,12Alpha-trihydroxy-5Beta-cholan-24-oic acid;
7alpha-Hydroxy-3-oxo-4-cholestenoate;
3beta-Hydroxy-5-cholestenoic acid;
(25R)-7alpha,26-dihydroxycholest-4-en-3-one;
3b,12a-Dihydroxy-5b-cholanoic acid;
3b,7a-Dihydroxy-5b-cholanoic acid;
Glycoursodeoxycholic acid;
Deoxycholylglycine;
N-(3alpha,12alpha-dihydroxy-5beta-cholan-24-oyl)-taurine;
3alpha,7beta-Dihydroxy-5beta-cholan-24-oic Acid;
N-(3alpha,7alpha,12alpha-trihydroxy-5beta-cholan-24-oyl)-taurine;
NADP;
3a,7b,12a-Trihydroxyoxocholanyl-Glycine;
3b,12a-Dihydroxy-5a-cholanoic acid;
3b,7a,12a-Trihydroxy-5a-Cholanoic acid;
3a,7b,12b-Trihydroxy-5b-cholanoic acid;
3b,7b,12a-Trihydroxy-5b-cholanoic acid;
3a,12b-Dihydroxy-5b-cholanoic acid;
3b,7a,12a-Trihydroxy-5b-cholanoic acid;
3b,7b,12a-Trihydroxy-5a-Cholanoic acid;
3a,7b,12a-Trihydroxy-5a-Cholanoic acid;
3alpha,7alpha-Dihydroxy-5beta-cholan-24-oic Acid;
Cholic acid;
3alpha,12alpha-Dihydroxy-5beta-cholan-24-oic Acid;
Chenodeoxycholic acid glycine conjugate;
N-(3alpha,7alpha-dihydroxy-5beta-cholan-24-oyl)-taurine;
7a-Hydroxy-cholestene-3-one;
7a,12a-Dihydroxy-cholestene-3-one;
3beta,12beta-Dihydroxy-5beta-cholan-24-oic Acid;
Heme;
CE(20:1(11Z));
CE(20:4(5Z,8Z,11Z,14Z));
CE(24:1(15Z));
CE(22:4(7Z,10Z,13Z,16Z));
CE(20:5(5Z,8Z,11Z,14Z,17Z));
CE(22:6(4Z,7Z,10Z,13Z,16Z,19Z));
CE(20:3(8Z,11Z,14Z));
CE(22:2(13Z,16Z));
CE(19:0);
CE(20:0);
5b-Cyprinol sulfate;
Chenodeoxyglycocholic acid;
3beta-Hydroxy-5-cholestenoic acid;
7 alpha,24-Dihydroxy-4-cholesten-3-one;
7 alpha,26-Dihydroxy-4-cholesten-3-one;
3alpha,7alpha,12alpha-trihydroxy-5beta-cholestanate;
cholest-5-en-3beta-yl eicosanoate;
Chenodeoxycholylglycine;
Chenodeoxycholyltaurine;
Cholesteryl (5Z,8Z,11Z,14Z,17Z-eicosapentaenoate);
22:6 Cholesteryl ester;
3,7-Dihydroxycholan-24-oic acid;
3alpha,12beta-Dihydroxy-5alpha-cholan-24-oic Acid;
Adenosine 5'-(trihydrogen diphosphate), 2'-(dihydrogen phosphate), P'.fwdarw.5'-ester with 3-(aminocarbonyl)-1-beta-D-ribofuranosylpyridinium, inner salt;
7alpha,12alpha-Dihydroxycholest-4-en-3-one;
[(2S,3R,4R,5R)-5-(6-Aminopurin-9-yl)-3,4-dihydroxyoxolan-2-yl]methyl phosphono hydrogen phosphate;
Bile acid;
Cholesteryl arachidonate;
Cholesteryl nervonate;
Flavinat;
2-[(3alpha,7alpha,12alpha-Trihydroxy-24-oxocholane-24-yl)amino]ethanesulfonic acid;
[[(2R,5R)-5-(6-Aminopurin-9-yl)-3,4-dihydroxyoxolan-2-yl]methoxy-hydroxyphosphoryl] phosphono hydrogen phosphate;
propanoyl-CoA"
"7","1.1 Carbohydrate metabolism",0.548387096774194,"Phosphatidylinositol Phosphate Metabolism","map00562",0.00367361421994374,17,31,0.0267649036024472,0.165312639897468,"D-myo-Inositol 1,4,5,6-tetrakisphosphate;
D-myo-Inositol 1,3,4,6-tetrakisphosphate;
D-myo-Inositol 3,4,5,6-tetrakisphosphate;
1-Diphosinositol pentakisphosphate;
5-Diphosphoinositol pentakisphosphate;
myo-Inositol 1,3,4,5,6-pentakisphosphate;
Bisdiphosphoinositol tetrakisphosphate;
DG(16:0/18:1(9Z)/0:0);
Adenosine triphosphate;
ADP;
myo-Inositol hexakisphosphate;
1,4,5-Insp3;
Inositol 1,3,4-trisphosphate;
myo-Inositol 1,3,4,5-tetrakisphosphate;
Adenosine triphosphate;
D-myo-Inositol 3,4,5,6-tetrakisphosphate;
1D-myo-inositol 1,4,5,6-tetrakisphosphate;
D-myo-Inositol 1,3,4,6-tetrakisphosphate;
I(1,3,4,5,6)P5;
IP3;
Phosphatidylinositol-3,4,5-trisphosphate;
I(1,3,4,5)P4;
IP6;
I(1,3,4)P3;
5-Diphosphoinositol pentakisphosphate;
1D-myo-inositol 1,3,4-trisphosphate(6-);
1-Diphosinositol pentakisphosphate;
1-hexadecanoyl-2-(9Z-octadecenoyl)-sn-glycerol;
IP3;
Inositol 1,3,4-trisphosphate;
Phosphatidylinositol-3,4,5-trisphosphate;
D-myo-Inositol 1,4,5,6-tetrakisphosphate;
CDP-DG(16:0/18:1(9Z));
1-hexadecanoyl-2-(9Z-octadecenoyl)-sn-glycero-3-phospho-(1'-myo-inositol);
1-hexadecanoyl-2-(9Z-octadecenoyl)-sn-glycero-3-phospho-(1'-myo-inositol-3'-phosphate);
PIP(18:1(9Z)/16:0);
PIP2(16:0/18:1(9Z));
Diacylglycerol;
Inositol 1,3,4-triphosphate;
Myo-inositol,1,3,4,5-tetrakis(dihydrogen phosphate);
[(2S,3R,4R,5R)-5-(6-Aminopurin-9-yl)-3,4-dihydroxyoxolan-2-yl]methyl phosphono hydrogen phosphate;
inositol 1,3,4,5,6-pentakisphosphate;
[[(2R,5R)-5-(6-Aminopurin-9-yl)-3,4-dihydroxyoxolan-2-yl]methoxy-hydroxyphosphoryl] phosphono hydrogen phosphate;
1D-myo-inositol (1,2,3,4,6)-pentakisphosphate;
D-myo-inositol (1,2,3,4,5)-pentakisphosphate;
D-myo-inositol (1,2,3,5,6) pentakisphosphate;
D-myo-inositol (1,2,4,5,6)-pentakisphosphate;
D-myo-inositol (1,3,4)-trisphosphate;
D-myo-inositol (1,4,5)-trisphosphate"
"8","1.8 Metabolism of cofactors and vitamins",0.625,"Ubiquinone Biosynthesis","map00130",0.00781206694690877,10,16,0.0458097376637522,0.343730945663986,"all-trans-Hexaprenyl diphosphate;
S-Adenosylmethionine;
NADPH;
NADP;
3-Hexaprenyl-4-hydroxybenzoic acid;
3-Hexaprenyl-4-hydroxy-5-methoxybenzoic acid;
S-Adenosylhomocysteine;
AdoMet;
AdoHcy;
3,7,11,15,19,23-hexamethyltetracosa-2E,6E,10E,14E,18E,22-hexaen-1-yl trihydrogen diphosphate;
NADP;
2-Hexaprenyl-6-methoxy-1,4-benzoquinone;
Coenzyme Q6;
3-methoxy-4-hydroxy-5-all-trans-hexaprenylbenzoate;
NADP;
2-Hexaprenyl-3-methyl-5-hydroxy-6-methoxy-1,4-benzoquinone;
Adenosine 5'-(trihydrogen diphosphate), 2'-(dihydrogen phosphate), P'.fwdarw.5'-ester with 3-(aminocarbonyl)-1-beta-D-ribofuranosylpyridinium, inner salt;
ubiquinone-8"
"9","1.5 Amino acid metabolism",0.470588235294118,"Valine, leucine and isoleucine degradation","map00280",0.00808407135242686,24,51,0.0458097376637522,0.347615068154355,"Methylmalonyl-CoA;
2-Methyl-3-hydroxybutyryl-CoA;
Thiamine pyrophosphate;
Acetoacetyl-CoA;
FAD;
Isobutyryl-CoA;
3-Hydroxy-3-methylglutaryl-CoA;
Propionyl-CoA;
(S)-3-Hydroxyisobutyryl-CoA;
Adenosine triphosphate;
ADP;
Methacrylyl-CoA;
Succinyl-CoA;
Isovaleryl-CoA;
Tiglyl-CoA;
3-Methylglutaconyl-CoA;
2-Methylacetoacetyl-CoA;
3-Methylcrotonyl-CoA;
Acetyl CoA;
R-Methylmalonyl-CoA;
2-Methylbutyryl-CoA;
Ac-CoA;
3'-phosphoadenosine 5'-{3-[(3R)-4-{[3-({2-[(3-carboxypropanoyl)sulfanyl]ethyl}amino)-3-oxopropyl]amino}-3-hydroxy-2,2-dimethyl-4-oxobutyl] dihydrogen diphosphate};
Adenosine triphosphate;
(2S,3S)-3-hydroxy-2-methylbutanoyl-CoA;
(S)-methylmalonyl-CoA;
(3S)-3-hydroxy-3-methylglutaryl-CoA;
2-Methylacetoacetyl-CoA;
2-methyl-2E-butenoyl-CoA;
ISB-CoA;
3-methyl-2-butenoyl-CoA;
3'-phosphoadenosine 5'-{3-[(3R)-3-hydroxy-2,2-dimethyl-4-{[3-({2-[(3-methylbutanoyl)sulfanyl]ethyl}amino)-3-oxopropyl]amino}-4-oxobutyl] dihydrogen diphosphate};
(E)-5-[2-[3-[[(2R)-4-[[[(2R,3S,4R,5R)-5-(6-aminopurin-9-yl)-4-hydroxy-3-phosphonooxyoxolan-2-yl]methoxy-hydroxyphosphoryl]oxy-hydroxyphosphoryl]oxy-2-hydroxy-3,3-dimethylbutanoyl]amino]propanoylamino]ethylsulfanyl]-3-methyl-5-oxopent-3-enoic acid;
3'-phosphoadenosine 5'-(3-{(3R)-3-hydroxy-2,2-dimethyl-4-oxo-4-[(3-oxo-3-{[2-(propanoylsulfanyl)ethyl]amino}propyl)amino]butyl} dihydrogen diphosphate);
3'-phosphoadenosine 5'-{3-[(3R)-3-hydroxy-2,2-dimethyl-4-{[3-({2-[(2-methylprop-2-enoyl)sulfanyl]ethyl}amino)-3-oxopropyl]amino}-4-oxobutyl] dihydrogen diphosphate};
(S)-3-Hydroxyisobutyryl-CoA;
3-hydroxy-3-methyl-butanoyl-CoA;
2-Methyl-1-hydroxypropyl-ThPP;
(E)-2-methylcrotonoyl-CoA;
3-Methyl-1-hydroxybutyl-ThPP;
Thiamine pyrophosphate;
Acetyl-CoA;
Isobutyryl-CoA;
L-Methylmalonyl-CoA;
3-Hydroxy-3-methylglutaryl-CoA;
S-Methylmalonyl-CoA;
3-Hydroxyisovaleryl-CoA;
Lipoyl-GMP;
2-methylcrotonoyl-CoA(4-);
Methylmalonyl-coenzyme A;
[(2S,3R,4R,5R)-5-(6-Aminopurin-9-yl)-3,4-dihydroxyoxolan-2-yl]methyl phosphono hydrogen phosphate;
Acetyl CoA;
Flavinat;
HMG-CoA;
[[(2R,5R)-5-(6-Aminopurin-9-yl)-3,4-dihydroxyoxolan-2-yl]methoxy-hydroxyphosphoryl] phosphono hydrogen phosphate;
Dec-4-enedioyl-CoA;
(2S,3R)-3-Hydroxy-2-methylbutanoyl-CoA;
3-oxobutanoyl-CoA;
3-methylbut-2-enoyl-CoA;
(2E)-3-methylpent-2-enedioyl-CoA;
(S)-3-hydroxy-isobutanoyl-CoA;
2-methylbutanoyl-CoA;
isobutanoyl-CoA;
propanoyl-CoA"
"10","1.1 Carbohydrate metabolism",0.642857142857143,"Butyrate Metabolism","map00650",0.00906854834785759,9,14,0.0462495965740737,0.380879030610019,"Acetoacetyl-CoA;
FAD;
Butyryl-CoA;
3-Hydroxybutyryl-CoA;
3-Hydroxy-3-methylglutaryl-CoA;
Crotonoyl-CoA;
Adenosine triphosphate;
Succinyl-CoA;
Acetyl CoA;
Ac-CoA;
3'-phosphoadenosine 5'-{3-[(3R)-4-{[3-({2-[(3-carboxypropanoyl)sulfanyl]ethyl}amino)-3-oxopropyl]amino}-3-hydroxy-2,2-dimethyl-4-oxobutyl] dihydrogen diphosphate};
Adenosine triphosphate;
3'-phosphoadenosine 5'-{3-[(3R)-3-hydroxy-4-({3-[(2-{[(3R)-3-hydroxybutanoyl]sulfanyl}ethyl)amino]-3-oxopropyl}amino)-2,2-dimethyl-4-oxobutyl] dihydrogen diphosphate};
(S)-3-hydroxybutanoyl-CoA;
(3S)-3-hydroxy-3-methylglutaryl-CoA;
3'-phosphoadenosine 5'-{3-[(3R)-4-({3-[(2-{[(2E)-but-2-enoyl]sulfanyl}ethyl)amino]-3-oxopropyl}amino)-3-hydroxy-2,2-dimethyl-4-oxobutyl] dihydrogen diphosphate};
3'-phosphoadenosine 5'-(3-{(3R)-4-[(3-{[2-(butanoylsulfanyl)ethyl]amino}-3-oxopropyl)amino]-3-hydroxy-2,2-dimethyl-4-oxobutyl} dihydrogen diphosphate);
Butanoyl-CoA;
Acetyl-CoA;
3-Hydroxy-3-methylglutaryl-CoA;
(S)-3-Hydroxybutyryl-CoA;
(2E)-Butenoyl-CoA;
Acetyl CoA;
Flavinat;
HMG-CoA;
[[(2R,5R)-5-(6-Aminopurin-9-yl)-3,4-dihydroxyoxolan-2-yl]methoxy-hydroxyphosphoryl] phosphono hydrogen phosphate;
3-oxobutanoyl-CoA;
(S)-3-hydroxybutanoyl-CoA;
butanoyl-CoA"
"11","1.1 Carbohydrate metabolism",0.433962264150943,"Starch and sucrose metabolism","map00500",0.0291119552021304,23,53,0.134973610482605,1,"Adenosine 3',5'-diphosphate;
Maltotriose;
Galactosylceramide (d18:1/16:0);
LacCer(d18:1/16:0);
Uridine diphosphate glucose;
3-O-Sulfogalactosylceramide (d18:1/24:0);
Sphinganine 1-phosphate;
Cer(d18:1/12:0);
PC(16:0/16:0);
Uridine diphosphate glucuronic acid;
Sphingosine 1-phosphate;
Uridine diphosphategalactose;
LacCer(d18:1/12:0);
Phosphoadenosine phosphosulfate;
LacCer(d18:1/24:1(15Z));
UDP-D-galacturonic acid;
NADPH;
NADP;
Adenosine triphosphate;
ADP;
Uridine 5'-diphosphate;
SM(d18:1/18:0);
beta-D-Galactopyranosyl-(1->4)-beta-D-galactopyranosyl-(1->4)-D-galactose;
Uridine triphosphate;
Amylose;
Dextrin;
Glycogen;
LacCer(d18:1/16:0);
1-tetradecanoyl-2-eicosanoyl-sn-glycero-3-phosphocholine;
Cer(d18:1/12:0);
GlcCer(d18:1/12:0);
Adenosine triphosphate;
Uridine triphosphate;
SPAP;
UDP-GlcA;
UDP;
Lac;
PAPS;
Adenosine 3',5'-diphosphate;
NADP;
S1P;
UDP-glucose;
3'-phosphonato-5'-adenylyl sulfate(4-);
UDP-galactose;
Cer(d18:1/12:0);
Cer(d18:1/12:0);
1-tetradecanoyl-2-eicosanoyl-sn-glycero-3-phosphocholine;
GlcCer(d18:1/12:0);
C18 SM;
LacCer(d18:1/16:0);
LacCer(d18:1/24:1(15Z));
UDP-L-iduronate;
3-O-Sulfogalactosylceramide (d18:1/24:0);
NADP;
Sphing-4-enine-1-phosphate;
SM(d18:1/18:0);
Sa 1-phosphate;
Galabiosylceramide (d18:1/9Z-18:1);
Galabiosylceramide (d18:1/16:0);
Galabiosylceramide (d18:1/18:0);
Galabiosylceramide (d18:1/20:0);
Galabiosylceramide (d18:1/24:1(15Z));
Cer(d18:1/18:1(9Z));
Cer(d18:1/18:0);
Cer(d18:1/20:0);
Cer(d18:1/22:0);
Cer(d18:1/24:1(15Z));
Cer(d18:1/26:0);
Cer(d18:1/24:0);
Cer(d18:1/25:0);
GlcCer(d18:1/9Z-18:1);
GlcCer(d18:1/16:0);
GlcCer(d18:1/18:0);
GlcCer(d18:1/20:0);
GlcCer(d18:1/22:0);
GlcCer(d18:1/24:1(15Z));
GlcCer(d18:1/26:1(17Z));
GlcCer(d18:1/26:0);
GlcCer(d18:1/25:0);
LacCer(d18:1/16:0);
1-tetradecanoyl-2-eicosanoyl-sn-glycero-3-phosphocholine;
1-tetradecanoyl-2-eicosanoyl-sn-glycero-3-phosphocholine;
1-tetradecanoyl-2-eicosanoyl-sn-glycero-3-phosphocholine;
1-tetradecanoyl-2-eicosanoyl-sn-glycero-3-phosphocholine;
1-tetradecanoyl-2-eicosanoyl-sn-glycero-3-phosphocholine;
1-tetradecanoyl-2-eicosanoyl-sn-glycero-3-phosphocholine;
1-tetradecanoyl-2-eicosanoyl-sn-glycero-3-phosphocholine;
PC(14:0/P-18:1(11Z));
PC(14:0/P-18:1(9Z));
1-tetradecanoyl-2-eicosanoyl-sn-glycero-3-phosphocholine;
1-tetradecanoyl-2-eicosanoyl-sn-glycero-3-phosphocholine;
1-tetradecanoyl-2-eicosanoyl-sn-glycero-3-phosphocholine;
1-tetradecanoyl-2-eicosanoyl-sn-glycero-3-phosphocholine;
1-tetradecanoyl-2-eicosanoyl-sn-glycero-3-phosphocholine;
1-tetradecanoyl-2-eicosanoyl-sn-glycero-3-phosphocholine;
1-tetradecanoyl-2-eicosanoyl-sn-glycero-3-phosphocholine;
1-tetradecanoyl-2-eicosanoyl-sn-glycero-3-phosphocholine;
1-tetradecanoyl-2-eicosanoyl-sn-glycero-3-phosphocholine;
PC(15:0/24:0);
PC(15:0/24:1(15Z));
PC(15:0/P-18:1(9Z));
1-tetradecanoyl-2-eicosanoyl-sn-glycero-3-phosphocholine;
1-tetradecanoyl-2-eicosanoyl-sn-glycero-3-phosphocholine;
1-tetradecanoyl-2-eicosanoyl-sn-glycero-3-phosphocholine;
1-tetradecanoyl-2-eicosanoyl-sn-glycero-3-phosphocholine;
1-tetradecanoyl-2-eicosanoyl-sn-glycero-3-phosphocholine;
1-tetradecanoyl-2-eicosanoyl-sn-glycero-3-phosphocholine;
1-tetradecanoyl-2-eicosanoyl-sn-glycero-3-phosphocholine;
1-tetradecanoyl-2-eicosanoyl-sn-glycero-3-phosphocholine;
PC(16:1(9Z)/P-18:0);
PC(16:1(9Z)/P-18:1(11Z));
PC(18:1(11Z)/14:1(9Z));
PC(18:1(11Z)/15:0);
1-tetradecanoyl-2-eicosanoyl-sn-glycero-3-phosphocholine;
1-tetradecanoyl-2-eicosanoyl-sn-glycero-3-phosphocholine;
1-tetradecanoyl-2-eicosanoyl-sn-glycero-3-phosphocholine;
1-tetradecanoyl-2-eicosanoyl-sn-glycero-3-phosphocholine;
1-tetradecanoyl-2-eicosanoyl-sn-glycero-3-phosphocholine;
1-tetradecanoyl-2-eicosanoyl-sn-glycero-3-phosphocholine;
1-tetradecanoyl-2-eicosanoyl-sn-glycero-3-phosphocholine;
1-tetradecanoyl-2-eicosanoyl-sn-glycero-3-phosphocholine;
1-tetradecanoyl-2-eicosanoyl-sn-glycero-3-phosphocholine;
PC(18:1(9Z)/22:5(4Z,7Z,10Z,13Z,16Z));
PC(18:1(9Z)/P-16:0);
PC(18:1(9Z)/P-18:1(9Z));
1-tetradecanoyl-2-eicosanoyl-sn-glycero-3-phosphocholine;
1-tetradecanoyl-2-eicosanoyl-sn-glycero-3-phosphocholine;
1-tetradecanoyl-2-eicosanoyl-sn-glycero-3-phosphocholine;
1-tetradecanoyl-2-eicosanoyl-sn-glycero-3-phosphocholine;
PC(18:3(6Z,9Z,12Z)/P-16:0);
1-tetradecanoyl-2-eicosanoyl-sn-glycero-3-phosphocholine;
1-tetradecanoyl-2-eicosanoyl-sn-glycero-3-phosphocholine;
1-tetradecanoyl-2-eicosanoyl-sn-glycero-3-phosphocholine;
1-tetradecanoyl-2-eicosanoyl-sn-glycero-3-phosphocholine;
1-tetradecanoyl-2-eicosanoyl-sn-glycero-3-phosphocholine;
1-tetradecanoyl-2-eicosanoyl-sn-glycero-3-phosphocholine;
1-tetradecanoyl-2-eicosanoyl-sn-glycero-3-phosphocholine;
1-tetradecanoyl-2-eicosanoyl-sn-glycero-3-phosphocholine;
1-tetradecanoyl-2-eicosanoyl-sn-glycero-3-phosphocholine;
1-tetradecanoyl-2-eicosanoyl-sn-glycero-3-phosphocholine;
1-tetradecanoyl-2-eicosanoyl-sn-glycero-3-phosphocholine;
1-tetradecanoyl-2-eicosanoyl-sn-glycero-3-phosphocholine;
PC(20:1(11Z)/24:0);
1-tetradecanoyl-2-eicosanoyl-sn-glycero-3-phosphocholine;
PC(20:3(5Z,8Z,11Z)/20:3(8Z,11Z,14Z));
PC(20:3(5Z,8Z,11Z)/20:4(8Z,11Z,14Z,17Z));
1-tetradecanoyl-2-eicosanoyl-sn-glycero-3-phosphocholine;
1-tetradecanoyl-2-eicosanoyl-sn-glycero-3-phosphocholine;
1-tetradecanoyl-2-eicosanoyl-sn-glycero-3-phosphocholine;
1-tetradecanoyl-2-eicosanoyl-sn-glycero-3-phosphocholine;
1-tetradecanoyl-2-eicosanoyl-sn-glycero-3-phosphocholine;
1-tetradecanoyl-2-eicosanoyl-sn-glycero-3-phosphocholine;
1-tetradecanoyl-2-eicosanoyl-sn-glycero-3-phosphocholine;
1-tetradecanoyl-2-eicosanoyl-sn-glycero-3-phosphocholine;
PC(20:4(5Z,8Z,11Z,14Z)/20:4(8Z,11Z,14Z,17Z));
PC(20:5(5Z,8Z,11Z,14Z,17Z)/20:3(5Z,8Z,11Z));
1-tetradecanoyl-2-eicosanoyl-sn-glycero-3-phosphocholine;
1-tetradecanoyl-2-eicosanoyl-sn-glycero-3-phosphocholine;
PC(20:5(5Z,8Z,11Z,14Z,17Z)/20:4(8Z,11Z,14Z,17Z));
1-tetradecanoyl-2-eicosanoyl-sn-glycero-3-phosphocholine;
1-tetradecanoyl-2-eicosanoyl-sn-glycero-3-phosphocholine;
1-tetradecanoyl-2-eicosanoyl-sn-glycero-3-phosphocholine;
1-tetradecanoyl-2-eicosanoyl-sn-glycero-3-phosphocholine;
1-tetradecanoyl-2-eicosanoyl-sn-glycero-3-phosphocholine;
PC(22:2(13Z,16Z)/22:1(13Z));
1-tetradecanoyl-2-eicosanoyl-sn-glycero-3-phosphocholine;
PC(22:2(13Z,16Z)/22:5(4Z,7Z,10Z,13Z,16Z));
PC(22:2(13Z,16Z)/22:5(7Z,10Z,13Z,16Z,19Z));
PC(22:4(7Z,10Z,13Z,16Z)/P-18:1(9Z));
PC(22:5(4Z,7Z,10Z,13Z,16Z)/15:0);
PC(22:5(4Z,7Z,10Z,13Z,16Z)/16:0);
PC(22:5(4Z,7Z,10Z,13Z,16Z)/16:1(9Z));
PC(22:5(4Z,7Z,10Z,13Z,16Z)/18:1(9Z));
PC(22:5(4Z,7Z,10Z,13Z,16Z)/20:2(11Z,14Z));
PC(22:5(4Z,7Z,10Z,13Z,16Z)/20:4(8Z,11Z,14Z,17Z));
PC(22:5(4Z,7Z,10Z,13Z,16Z)/22:0);
PC(22:5(4Z,7Z,10Z,13Z,16Z)/22:5(7Z,10Z,13Z,16Z,19Z));
PC(22:5(4Z,7Z,10Z,13Z,16Z)/22:6(4Z,7Z,10Z,13Z,16Z,19Z));
PC(22:5(4Z,7Z,10Z,13Z,16Z)/24:0);
PC(22:5(4Z,7Z,10Z,13Z,16Z)/24:1(15Z));
PC(22:5(4Z,7Z,10Z,13Z,16Z)/P-18:0);
PC(22:5(4Z,7Z,10Z,13Z,16Z)/P-18:1(9Z));
1-tetradecanoyl-2-eicosanoyl-sn-glycero-3-phosphocholine;
PC(22:5(7Z,10Z,13Z,16Z,19Z)/15:0);
PC(22:5(7Z,10Z,13Z,16Z,19Z)/16:0);
PC(22:5(7Z,10Z,13Z,16Z,19Z)/18:2(9Z,12Z));
PC(22:5(7Z,10Z,13Z,16Z,19Z)/18:3(6Z,9Z,12Z));
PC(22:5(7Z,10Z,13Z,16Z,19Z)/18:3(9Z,12Z,15Z));
PC(22:5(7Z,10Z,13Z,16Z,19Z)/18:4(6Z,9Z,12Z,15Z));
PC(22:5(7Z,10Z,13Z,16Z,19Z)/20:2(11Z,14Z));
PC(22:5(7Z,10Z,13Z,16Z,19Z)/20:3(5Z,8Z,11Z));
PC(22:5(7Z,10Z,13Z,16Z,19Z)/20:4(8Z,11Z,14Z,17Z));
1-tetradecanoyl-2-eicosanoyl-sn-glycero-3-phosphocholine;
1-tetradecanoyl-2-eicosanoyl-sn-glycero-3-phosphocholine;
1-tetradecanoyl-2-eicosanoyl-sn-glycero-3-phosphocholine;
PC(22:6(4Z,7Z,10Z,13Z,16Z,19Z)/20:3(5Z,8Z,11Z));
1-tetradecanoyl-2-eicosanoyl-sn-glycero-3-phosphocholine;
1-tetradecanoyl-2-eicosanoyl-sn-glycero-3-phosphocholine;
PC(22:6(4Z,7Z,10Z,13Z,16Z,19Z)/22:5(4Z,7Z,10Z,13Z,16Z));
PC(22:6(4Z,7Z,10Z,13Z,16Z,19Z)/22:5(7Z,10Z,13Z,16Z,19Z));
1-tetradecanoyl-2-eicosanoyl-sn-glycero-3-phosphocholine;
PC(22:6(4Z,7Z,10Z,13Z,16Z,19Z)/24:0);
PC(22:6(4Z,7Z,10Z,13Z,16Z,19Z)/24:1(15Z));
PC(22:6(4Z,7Z,10Z,13Z,16Z,19Z)/P-18:0);
PC(22:6(4Z,7Z,10Z,13Z,16Z,19Z)/P-18:1(9Z));
1-tetradecanoyl-2-eicosanoyl-sn-glycero-3-phosphocholine;
1-tetradecanoyl-2-eicosanoyl-sn-glycero-3-phosphocholine;
1-tetradecanoyl-2-eicosanoyl-sn-glycero-3-phosphocholine;
1-tetradecanoyl-2-eicosanoyl-sn-glycero-3-phosphocholine;
1-tetradecanoyl-2-eicosanoyl-sn-glycero-3-phosphocholine;
PC(24:0/20:3(5Z,8Z,11Z));
PC(24:0/20:4(8Z,11Z,14Z,17Z));
PC(24:1(15Z)/18:2(9Z,12Z));
PC(24:1(15Z)/20:0);
Galactosylceramide (d18:1/18:0);
Galactosylceramide (d18:1/20:0);
Galactosylceramide (d18:1/22:0);
Galactosylceramide (d18:1/24:1(15Z));
Galactosylceramide (d18:1/18:1(9Z));
LacCer(d18:1/18:0);
Lactosyceramide (d18:1/18:1(9Z));
LacCer(d18:1/20:0);
Galactosylceramide (d18:1/12:0);
Galactosylceramide (d18:1/14:0);
Cellulose, microcrystalline;
3'-phosphonato-5'-adenylyl Sulfate(4-);
(2-Amino-3-hydroxyoctadecyl) dihydrogen phosphate;
1,2-Dipalmitoylphosphatidylcholine;
Adenosine 5'-(trihydrogen diphosphate), 2'-(dihydrogen phosphate), P'.fwdarw.5'-ester with 3-(aminocarbonyl)-1-beta-D-ribofuranosylpyridinium, inner salt;
C18-Sphingosine 1-phosphate;
[(2S,3R,4R,5R)-5-(6-Aminopurin-9-yl)-3,4-dihydroxyoxolan-2-yl]methyl phosphono hydrogen phosphate;
Cytolipin H;
[[(2R,5R)-5-(6-Aminopurin-9-yl)-3,4-dihydroxyoxolan-2-yl]methoxy-hydroxyphosphoryl] phosphono hydrogen phosphate;
[[(2S,5S)-5-(2,4-Dioxopyrimidin-1-yl)-3,4-dihydroxyoxolan-2-yl]methoxy-hydroxyphosphoryl] phosphono hydrogen phosphate;
Glucose-uridine-C1,5'-diphosphate;
(2R,3R,4R,5S,6R)-6-[[[(2S,3R,4R,5R)-5-(2,4-Dioxopyrimidin-1-yl)-3,4-dihydroxyoxolan-2-yl]methoxy-hydroxyphosphoryl]oxy-hydroxyphosphoryl]oxy-3,4,5-trihydroxyoxane-2-carboxylic acid;
phosphoadenosine-5'-phosphosulfate;
UDP-alpha-D-galactose"
"12","1.8 Metabolism of cofactors and vitamins",0.48,"Pterine Biosynthesis","map00790",0.0486695417336461,12,25,0.206845552367996,1,"Tetrahydrofolate;
Dihydroneopterin triphosphate;
Dihydrofolate Vitamin B9;
NADPH;
NADP;
Folate;
Guanosine triphosphate;
DHF;
GTP;
Tetrahydropteroyltri-L-glutamic acid;
NADP;
DHNTP;
Tetrahydrofolic acid;
Folic acid;
tetrahydrofolyl-poly(glutamic acid) macromolecule;
2,5-Diaminopyrimidine nucleoside triphosphate;
NADP;
Dihydrofolate;
Formamidopyrimidine nucleoside triphosphate;
2,5-Diamino-6-(5'-triphosphoryl-3',4'-trihydroxy-2'-oxopentyl)-amino-4-oxopyrimidine;
Tetrahydrofolyl-[Glu](2);
Tetrahydrofolyl-[Glu](n);
5,6,7,8-Tetrahydrofolic acid;
2-(4-(((2-Amino-4-oxo-3,4,7,8-tetrahydropteridin-6-yl)methyl)amino)benzamido)pentanedioic acid;
Adenosine 5'-(trihydrogen diphosphate), 2'-(dihydrogen phosphate), P'.fwdarw.5'-ester with 3-(aminocarbonyl)-1-beta-D-ribofuranosylpyridinium, inner salt;
Folcidin;
[[(2S,3R,4R,5R)-5-(2-Amino-6-oxo-1H-purin-9-yl)-3,4-dihydroxyoxolan-2-yl]methoxy-hydroxyphosphoryl] phosphono hydrogen phosphate;
7,8-dihydrofolate;
tetrahydrofolate;
tetrahydropteroyl tri-L-glutamate"
"13","1.3 Lipid metabolism",0.5,"Glycerolipid Metabolism","map00561",0.0649873364992691,9,18,0.254950320112517,1,"FAD;
NADPH;
NADP;
TG(16:0/16:0/16:0);
Adenosine triphosphate;
ADP;
PA(16:0/16:0);
Adenosine triphosphate;
NADP;
1-hexadecanoyl-sn-glycero-3-phosphate;
1-hexadecanoyl-2-(11Z-octadecenoyl)-sn-glycero-3-phosphate;
1,2-dihexadecanoyl-rac-glycerol;
1,2,3-trihexadecanoyl-sn-glycerol;
dipalmitoyl phosphatidate;
1,2-dihexadecanoyl-sn-glycero-3-phosphate;
1,2-dihexadecanoyl-rac-glycerol;
NADP;
1,2-dihexadecanoyl-rac-glycerol;
1,2-dihexadecanoyl-rac-glycerol;
1,2-dihexadecanoyl-rac-glycerol;
1,2-dihexadecanoyl-rac-glycerol;
1,2-dihexadecanoyl-rac-glycerol;
LysoPA(0:0/16:0);
LysoPA(0:0/18:0);
LysoPA(0:0/18:2(9Z,12Z));
1-hexadecanoyl-2-(11Z-octadecenoyl)-sn-glycero-3-phosphate;
1-hexadecanoyl-2-(11Z-octadecenoyl)-sn-glycero-3-phosphate;
1-hexadecanoyl-2-(11Z-octadecenoyl)-sn-glycero-3-phosphate;
1-hexadecanoyl-2-(11Z-octadecenoyl)-sn-glycero-3-phosphate;
PA(18:1(11Z)/18:1(11Z));
2,3-Bis(palmitoyloxy)propyl dihydrogen phosphate;
Adenosine 5'-(trihydrogen diphosphate), 2'-(dihydrogen phosphate), P'.fwdarw.5'-ester with 3-(aminocarbonyl)-1-beta-D-ribofuranosylpyridinium, inner salt;
[(2S,3R,4R,5R)-5-(6-Aminopurin-9-yl)-3,4-dihydroxyoxolan-2-yl]methyl phosphono hydrogen phosphate;
Flavinat;
[[(2R,5R)-5-(6-Aminopurin-9-yl)-3,4-dihydroxyoxolan-2-yl]methoxy-hydroxyphosphoryl] phosphono hydrogen phosphate"
"14","1.4 Nucleotide metabolism",0.403846153846154,"Pyrimidine metabolism","map00240",0.0796592555464711,21,52,0.268869236277861,1,"Deoxyuridine triphosphate;
FAD;
Flavin mononucleotide;
dCTP;
Orotidylic acid;
5,10-Methenyltetrahydrofolic acid;
Thymidine 5'-triphosphate;
Dihydrofolate Vitamin B9;
dUDP;
dTDP;
NADPH;
NADP;
Adenosine triphosphate;
ADP;
Uridine 5'-diphosphate;
CDP;
Uridine triphosphate;
5,10-Methenyl Tetrahydrofolate;
Phosphoribosyl pyrophosphate;
dCDP;
Adenosine triphosphate;
DHF;
5,10-Methenyltetrahydrofolic acid;
Uridine triphosphate;
orotidine 5'-monophosphate;
Phosphoribosyl pyrophosphate;
Flavin mononucleotide;
Deoxyuridine triphosphate;
UDP;
Thy;
NADP;
dTTP;
Glutamine;
(6R)-5,10-methenyltetrahydrofolate;
NADP;
Dihydrofolate;
5,10-Methenyl-THF;
5,10-Methylene-THF;
5-O-phosphonato-alpha-D-ribofuranosyl Diphosphate(5-);
2-(4-(((2-Amino-4-oxo-3,4,7,8-tetrahydropteridin-6-yl)methyl)amino)benzamido)pentanedioic acid;
(4S)-4-[[4-(3-Amino-1-oxo-5,6,6a,7-tetrahydro-2H-imidazo[1,5-f]pteridin-10-ium-8-yl)benzoyl]amino]-5-hydroxy-5-oxopentanoate;
Adenosine 5'-(trihydrogen diphosphate), 2'-(dihydrogen phosphate), P'.fwdarw.5'-ester with 3-(aminocarbonyl)-1-beta-D-ribofuranosylpyridinium, inner salt;
[(2S,3R,4R,5R)-5-(6-Aminopurin-9-yl)-3,4-dihydroxyoxolan-2-yl]methyl phosphono hydrogen phosphate;
Flavinat;
[(2S,3R,4R,5R)-5-(4-Amino-2-oxopyrimidin-1-yl)-3,4-dihydroxyoxolan-2-yl]methyl phosphono hydrogen phosphate;
[[(2R,5R)-5-(6-Aminopurin-9-yl)-3,4-dihydroxyoxolan-2-yl]methoxy-hydroxyphosphoryl] phosphono hydrogen phosphate;
[[(2S,5S)-5-(2,4-Dioxopyrimidin-1-yl)-3,4-dihydroxyoxolan-2-yl]methoxy-hydroxyphosphoryl] phosphono hydrogen phosphate;
[Hydroxy-[[(2R,5R)-3-hydroxy-5-(5-methyl-2,4-dioxopyrimidin-1-yl)oxolan-2-yl]methoxy]phosphoryl] phosphono hydrogen phosphate;
5-phospho-alpha-D-ribose 1-diphosphate;
7,8-dihydrofolate"
"15","1.1 Carbohydrate metabolism",0.428571428571429,"Amino Sugar Metabolism","map00520",0.0807803565048907,15,35,0.268869236277861,1,"Uridine diphosphate glucose;
Chitin;
UDP-L-arabinose;
Uridine diphosphate glucuronic acid;
Uridine diphosphategalactose;
Cytidine 5'-monophosphate-N-acetylneuraminic acid;
Chitobiose;
UDP-D-Xylose;
N-Acetylneuraminic acid 9-phosphate;
UDP-D-galacturonic acid;
Uridine diphosphate-N-acetylglucosamine;
Adenosine triphosphate;
ADP;
Uridine 5'-diphosphate;
Uridine triphosphate;
Acetyl CoA;
D-Glucosaminide;
Ac-CoA;
Adenosine triphosphate;
Uridine triphosphate;
UDP-D-Xylose;
UDP-GlcNAc;
UDP-N-acetyl-D-mannosamine;
CMP-Neu5Ac;
Cmp-nana;
UDP-GlcA;
UDP;
N-Acetylneuraminic acid 9-phosphate;
Glutamine;
UDP-glucose;
UDP-galactose;
UDP-GlcNAc;
UDP-L-iduronate;
Uridine diphosphate-N-acetylgalactosamine;
Acetyl-CoA;
N-Acetylneuraminate 9-phosphate;
N-Acetylneuraminate 9-phosphate;
UDP-N-acetyl-alpha-D-galactosamine;
N,N'-diacetylchitobiose;
[(2S,3R,4R,5R)-5-(6-Aminopurin-9-yl)-3,4-dihydroxyoxolan-2-yl]methyl phosphono hydrogen phosphate;
Acetyl CoA;
Lacdinac;
[[(2R,5R)-5-(6-Aminopurin-9-yl)-3,4-dihydroxyoxolan-2-yl]methoxy-hydroxyphosphoryl] phosphono hydrogen phosphate;
[[(2S,5S)-5-(2,4-Dioxopyrimidin-1-yl)-3,4-dihydroxyoxolan-2-yl]methoxy-hydroxyphosphoryl] phosphono hydrogen phosphate;
Glucose-uridine-C1,5'-diphosphate;
(2R,3R,4R,5S,6R)-6-[[[(2S,3R,4R,5R)-5-(2,4-Dioxopyrimidin-1-yl)-3,4-dihydroxyoxolan-2-yl]methoxy-hydroxyphosphoryl]oxy-hydroxyphosphoryl]oxy-3,4,5-trihydroxyoxane-2-carboxylic acid;
UDP-N-acetyl-alpha-D-glucosamine;
UDP-alpha-D-galactose;
UDP-alpha-D-xylose"
"16","1.1 Carbohydrate metabolism",0.421052631578947,"Pyruvate metabolism","map00620",0.0843511329499173,16,38,0.268869236277861,1,"2-(a-Hydroxyethyl)thiamine diphosphate;
Acetyl adenylate;
Thiamine pyrophosphate;
Acetoacetyl-CoA;
FAD;
GDP;
S-Lactoylglutathione;
Malonyl-CoA;
NADPH;
NADP;
Adenosine triphosphate;
ADP;
Acetyl CoA;
Acetaldehyde;
Guanosine triphosphate;
Ac-CoA;
Adenosine triphosphate;
Mal-CoA;
(R)-S-lactoylglutathione;
GTP;
methylglyoxal;
NADP;
2-(alpha-hydroxyethyl)thiamine diphosphate;
Thiamine pyrophosphate;
2-(a-Hydroxyethyl)thiamine diphosphate;
NADP;
Acetyl-CoA;
(R)-S-lactoylglutathionate(1-);
Adenosine 5'-(trihydrogen diphosphate), 2'-(dihydrogen phosphate), P'.fwdarw.5'-ester with 3-(aminocarbonyl)-1-beta-D-ribofuranosylpyridinium, inner salt;
[(2S,3R,4R,5R)-5-(6-Aminopurin-9-yl)-3,4-dihydroxyoxolan-2-yl]methyl phosphono hydrogen phosphate;
[[(2S,3R,4R,5R)-5-(2-Amino-6-oxo-1H-purin-9-yl)-3,4-dihydroxyoxolan-2-yl]methoxy-hydroxyphosphoryl] phosphono hydrogen phosphate;
Acetyl CoA;
Flavinat;
Guanosine diphos-phate;
[[(2R,5R)-5-(6-Aminopurin-9-yl)-3,4-dihydroxyoxolan-2-yl]methoxy-hydroxyphosphoryl] phosphono hydrogen phosphate;
3-oxobutanoyl-CoA"
"17","1.1 Carbohydrate metabolism",0.44,"Galactose Metabolism","map00052",0.10710366780917,11,25,0.321311003427509,1,"Maltotriose;
Uridine diphosphate glucose;
Gentianose;
Uridine diphosphategalactose;
Stachyose;
Raffinose;
Adenosine triphosphate;
ADP;
Uridine 5'-diphosphate;
beta-D-Galactopyranosyl-(1->4)-beta-D-galactopyranosyl-(1->4)-D-galactose;
Uridine triphosphate;
beta-Cortol;
Amylose;
Dextrin;
Adenosine triphosphate;
Uridine triphosphate;
RAF-1;
UDP;
Lac;
UDP-glucose;
UDP-galactose;
5beta-Pregnane-3alpha,11beta,17,20R,21-pentol;
Cellulose, microcrystalline;
[(2S,3R,4R,5R)-5-(6-Aminopurin-9-yl)-3,4-dihydroxyoxolan-2-yl]methyl phosphono hydrogen phosphate;
[[(2R,5R)-5-(6-Aminopurin-9-yl)-3,4-dihydroxyoxolan-2-yl]methoxy-hydroxyphosphoryl] phosphono hydrogen phosphate;
[[(2S,5S)-5-(2,4-Dioxopyrimidin-1-yl)-3,4-dihydroxyoxolan-2-yl]methoxy-hydroxyphosphoryl] phosphono hydrogen phosphate;
Glucose-uridine-C1,5'-diphosphate;
UDP-alpha-D-galactose"
"18","1.1 Carbohydrate metabolism",0.411764705882353,"Propanoate metabolism","map00640",0.1216030983741,14,34,0.339065029770527,1,"Methylmalonyl-CoA;
Thiamine pyrophosphate;
Acetoacetyl-CoA;
FAD;
3-Hydroxypropionyl-CoA;
Propionyl-CoA;
Malonyl-CoA;
Adenosine triphosphate;
Acrylyl-CoA;
ADP;
Succinyl-CoA;
Malonyl-CoA semialdehyde;
Acetyl CoA;
R-Methylmalonyl-CoA;
Ac-CoA;
3'-phosphoadenosine 5'-{3-[(3R)-4-{[3-({2-[(3-carboxypropanoyl)sulfanyl]ethyl}amino)-3-oxopropyl]amino}-3-hydroxy-2,2-dimethyl-4-oxobutyl] dihydrogen diphosphate};
Adenosine triphosphate;
(S)-methylmalonyl-CoA;
2-propenyl-CoA;
Mal-CoA;
3'-phosphoadenosine 5'-(3-{(3R)-3-hydroxy-2,2-dimethyl-4-oxo-4-[(3-oxo-3-{[2-(propanoylsulfanyl)ethyl]amino}propyl)amino]butyl} dihydrogen diphosphate);
3-hydroxypropanoyl-CoA;
Propinol adenylate;
Thiamine pyrophosphate;
Acetyl-CoA;
L-Methylmalonyl-CoA;
3-Oxopropanoyl-CoA;
S-Methylmalonyl-CoA;
3-hydroxypropanoyl-CoA(4-);
Methylmalonyl-coenzyme A;
[(2S,3R,4R,5R)-5-(6-Aminopurin-9-yl)-3,4-dihydroxyoxolan-2-yl]methyl phosphono hydrogen phosphate;
Acetyl CoA;
Flavinat;
[[(2R,5R)-5-(6-Aminopurin-9-yl)-3,4-dihydroxyoxolan-2-yl]methoxy-hydroxyphosphoryl] phosphono hydrogen phosphate;
3-oxobutanoyl-CoA;
3-hydroxypropanoyl-CoA;
propanoyl-CoA"
"19","1.2 Energy metabolism",0.5,"Oxidative phosphorylation","map00190",0.126318344424314,6,12,0.339065029770527,1,"FAD;
Heme;
Coenzyme Q10;
Adenosine triphosphate;
ADP;
Ubiquinol 8;
Adenosine triphosphate;
ferroheme b;
Coenzyme Q10;
Coenzyme Q10;
Heme;
[(2S,3R,4R,5R)-5-(6-Aminopurin-9-yl)-3,4-dihydroxyoxolan-2-yl]methyl phosphono hydrogen phosphate;
Flavinat;
Ensorb;
[[(2R,5R)-5-(6-Aminopurin-9-yl)-3,4-dihydroxyoxolan-2-yl]methoxy-hydroxyphosphoryl] phosphono hydrogen phosphate"
"20","1.8 Metabolism of cofactors and vitamins",0.571428571428571,"Thiamine Metabolism","map00730",0.133305510000185,4,7,0.339929050500473,1,"Thiamine pyrophosphate;
Thiamine triphosphate;
Adenosine triphosphate;
ADP;
Adenosine triphosphate;
Thiamine pyrophosphate;
Thiamine triphosphate;
Thiamine triphosphate;
[(2S,3R,4R,5R)-5-(6-Aminopurin-9-yl)-3,4-dihydroxyoxolan-2-yl]methyl phosphono hydrogen phosphate;
[[(2R,5R)-5-(6-Aminopurin-9-yl)-3,4-dihydroxyoxolan-2-yl]methoxy-hydroxyphosphoryl] phosphono hydrogen phosphate"
"21","1.8 Metabolism of cofactors and vitamins",0.6,"Biotin Metabolism","map00780",0.170775797114292,3,5,0.414741221563281,1,"Biotinyl-5'-AMP;
Adenosine triphosphate;
Biocytin;
Adenosine triphosphate;
BCTN;
[[(2R,5R)-5-(6-Aminopurin-9-yl)-3,4-dihydroxyoxolan-2-yl]methoxy-hydroxyphosphoryl] phosphono hydrogen phosphate"
"22","1.3 Lipid metabolism",0.363636363636364,"Steroid Biosynthesis","map00100",0.244812357852135,16,44,0.529390972347191,1,"Farnesyl pyrophosphate;
Acetoacetyl-CoA;
FAD;
Heme;
CE(12:0);
3-Hydroxy-3-methylglutaryl-CoA;
Presqualene diphosphate;
Tirucallol;
Euphol;
NADPH;
NADP;
(S)-2,3-Epoxysqualene;
Adenosine triphosphate;
ADP;
Acetyl CoA;
Lanosterin;
CE(12:0);
Ac-CoA;
Adenosine triphosphate;
(S)-2,3-Epoxysqualene;
Presqualene diphosphate;
(3S)-3-hydroxy-3-methylglutaryl-CoA;
lanosta-8,24-dien-3beta-ol;
2-trans,6-trans-farnesyl diphosphate;
ferroheme b;
4,4-dimethyl-5alpha-cholesta-8,14,24-trien-3beta-ol;
NADP;
farnesyl diphosphate;
3beta-hydroxy-4-methyl-5alpha-cholesta-8,24-diene-4alpha-carboxylic acid;
NADP;
4a-Carboxy-4b-methyl-5a-cholesta-8,24-dien-3b-ol;
Acetyl-CoA;
lanosta-8,24-dien-3beta-ol;
3-Hydroxy-3-methylglutaryl-CoA;
Heme;
CE(20:1(11Z));
CE(20:4(5Z,8Z,11Z,14Z));
CE(24:1(15Z));
CE(22:4(7Z,10Z,13Z,16Z));
CE(20:5(5Z,8Z,11Z,14Z,17Z));
CE(22:6(4Z,7Z,10Z,13Z,16Z,19Z));
CE(20:3(8Z,11Z,14Z));
CE(22:2(13Z,16Z));
CE(19:0);
CE(20:0);
4a-Methylzymosterol-4-carboxylic acid;
(20R)-(+)-triucalla-8,24-diene-3beta-ol;
(20S)-(+)-triucalla-8,24-diene-3beta-ol;
4-Methylzymosterol intermediate 1;
cholest-5-en-3beta-yl eicosanoate;
Cholesteryl (5Z,8Z,11Z,14Z,17Z-eicosapentaenoate);
22:6 Cholesteryl ester;
Adenosine 5'-(trihydrogen diphosphate), 2'-(dihydrogen phosphate), P'.fwdarw.5'-ester with 3-(aminocarbonyl)-1-beta-D-ribofuranosylpyridinium, inner salt;
[(2S,3R,4R,5R)-5-(6-Aminopurin-9-yl)-3,4-dihydroxyoxolan-2-yl]methyl phosphono hydrogen phosphate;
Acetyl CoA;
Cholesteryl arachidonate;
Cholesteryl nervonate;
Diphosphoric acid,P-(3,7,11-trimethyl-2,6,10-dodecatrienyl) ester;
Lanosta-8,24-dien-3-ol;
Flavinat;
HMG-CoA;
[[(2R,5R)-5-(6-Aminopurin-9-yl)-3,4-dihydroxyoxolan-2-yl]methoxy-hydroxyphosphoryl] phosphono hydrogen phosphate;
Squalene oxide;
3-oxobutanoyl-CoA;
4alpha-carboxy-4beta-methyl-5alpha-cholesta-8,24-dien-3beta-ol"
"23","1.1 Carbohydrate metabolism",0.384615384615385,"Citric Acid Cycle","map00020",0.248627006392806,10,26,0.529390972347191,1,"Thiamine pyrophosphate;
FAD;
GDP;
FADH;
Coenzyme Q10;
Adenosine triphosphate;
ADP;
Succinyl-CoA;
Acetyl CoA;
Guanosine triphosphate;
Ac-CoA;
3'-phosphoadenosine 5'-{3-[(3R)-4-{[3-({2-[(3-carboxypropanoyl)sulfanyl]ethyl}amino)-3-oxopropyl]amino}-3-hydroxy-2,2-dimethyl-4-oxobutyl] dihydrogen diphosphate};
Adenosine triphosphate;
GTP;
FADH;
Coenzyme Q10;
Thiamine pyrophosphate;
Coenzyme Q10;
Acetyl-CoA;
[(2S,3R,4R,5R)-5-(6-Aminopurin-9-yl)-3,4-dihydroxyoxolan-2-yl]methyl phosphono hydrogen phosphate;
[[(2S,3R,4R,5R)-5-(2-Amino-6-oxo-1H-purin-9-yl)-3,4-dihydroxyoxolan-2-yl]methoxy-hydroxyphosphoryl] phosphono hydrogen phosphate;
Acetyl CoA;
Flavinat;
Guanosine diphos-phate;
Ensorb;
[[(2R,5R)-5-(6-Aminopurin-9-yl)-3,4-dihydroxyoxolan-2-yl]methoxy-hydroxyphosphoryl] phosphono hydrogen phosphate"
"24","1.8 Metabolism of cofactors and vitamins",0.379310344827586,"Nicotinate and nicotinamide metabolism","map00760",0.249125163457502,11,29,0.529390972347191,1,"FAD;
Adenosine diphosphate ribose;
S-Adenosylmethionine;
NADPH;
NADP;
Adenosine triphosphate;
ADP;
Nicotinic acid adenine dinucleotide;
Phosphoribosyl pyrophosphate;
S-Adenosylhomocysteine;
AdoMet;
Adenosine triphosphate;
AdoHcy;
Adenosine diphosphate ribose;
Phosphoribosyl pyrophosphate;
NADP;
deamido-NAD(+);
Glutamine;
NADP;
NAAD;
5-O-phosphonato-alpha-D-ribofuranosyl Diphosphate(5-);
Adenosine 5'-(trihydrogen diphosphate), 2'-(dihydrogen phosphate), P'.fwdarw.5'-ester with 3-(aminocarbonyl)-1-beta-D-ribofuranosylpyridinium, inner salt;
[(2S,3R,4R,5R)-5-(6-Aminopurin-9-yl)-3,4-dihydroxyoxolan-2-yl]methyl phosphono hydrogen phosphate;
Flavinat;
[[(2R,5R)-5-(6-Aminopurin-9-yl)-3,4-dihydroxyoxolan-2-yl]methoxy-hydroxyphosphoryl] phosphono hydrogen phosphate;
Adenosine diphosphate-D-ribose;
5-phospho-alpha-D-ribose 1-diphosphate"
"25","Deleted pathways from Kegg",0.444444444444444,"Ketone Body Metabolism","map00072",0.283917758449461,4,9,0.577366615021515,1,"Acetoacetyl-CoA;
3-Hydroxy-3-methylglutaryl-CoA;
Succinyl-CoA;
Acetyl CoA;
Ac-CoA;
3'-phosphoadenosine 5'-{3-[(3R)-4-{[3-({2-[(3-carboxypropanoyl)sulfanyl]ethyl}amino)-3-oxopropyl]amino}-3-hydroxy-2,2-dimethyl-4-oxobutyl] dihydrogen diphosphate};
(3S)-3-hydroxy-3-methylglutaryl-CoA;
Acetyl-CoA;
3-Hydroxy-3-methylglutaryl-CoA;
Acetyl CoA;
HMG-CoA;
3-oxobutanoyl-CoA"
"26","Deleted pathways from Kegg",0.37037037037037,"Androgen and Estrogen Metabolism","map00150",0.294343764520773,10,27,0.577366615021515,1,"Adenosine 3',5'-diphosphate;
Testosterone glucuronide;
Heme;
17-beta-Estradiol-3-glucuronide;
Dehydroepiandrosterone sulfate;
Uridine diphosphate glucuronic acid;
Phosphoadenosine phosphosulfate;
UDP-D-galacturonic acid;
NADPH;
NADP;
Uridine 5'-diphosphate;
17alpha-hydroxyestra-1,3,5(10)-trien-3-yl beta-D-glucopyranosiduronic acid;
3alpha-hydroxy-5alpha-androstan-17-one 3-sulfate;
UDP-GlcA;
ferroheme b;
UDP;
PAPS;
Adenosine 3',5'-diphosphate;
NADP;
17beta-hydroxyandrost-4-en-3-one 3-D-glucuronide;
17-beta-Estradiol-3-glucuronide;
3'-phosphonato-5'-adenylyl sulfate(4-);
3alpha-hydroxy-5alpha-androstan-17-one 3-sulfate;
UDP-L-iduronate;
NADP;
3alpha-hydroxy-5alpha-androstan-17-one 3-sulfate;
Heme;
17-beta-Estradiol-3-glucuronide;
17-alpha-Estradiol-3-glucuronide;
3'-phosphonato-5'-adenylyl Sulfate(4-);
Adenosine 5'-(trihydrogen diphosphate), 2'-(dihydrogen phosphate), P'.fwdarw.5'-ester with 3-(aminocarbonyl)-1-beta-D-ribofuranosylpyridinium, inner salt;
[(2R,5S,15S)-2,15-Dimethyl-14-oxotetracyclo[8.7.0.0^{2,7}.0^{11,15}]heptadec-7-en-5-yl]oxidanesulfonic acid;
Testosterone 17b-(b-D-glucuronide);
(2R,3R,4R,5S,6R)-6-[[[(2S,3R,4R,5R)-5-(2,4-Dioxopyrimidin-1-yl)-3,4-dihydroxyoxolan-2-yl]methoxy-hydroxyphosphoryl]oxy-hydroxyphosphoryl]oxy-3,4,5-trihydroxyoxane-2-carboxylic acid;
phosphoadenosine-5'-phosphosulfate"
"27","1.5 Amino acid metabolism",0.36,"Lysine degradation","map00310",0.346652506147103,9,25,0.654788067166751,1,"Thiamine pyrophosphate;
Acetoacetyl-CoA;
FAD;
3-Hydroxybutyryl-CoA;
Glutaryl-CoA;
Crotonoyl-CoA;
NADPH;
NADP;
Acetyl CoA;
Ac-CoA;
3'-phosphoadenosine 5'-{3-[(3R)-3-hydroxy-4-({3-[(2-{[(3R)-3-hydroxybutanoyl]sulfanyl}ethyl)amino]-3-oxopropyl}amino)-2,2-dimethyl-4-oxobutyl] dihydrogen diphosphate};
(S)-3-hydroxybutanoyl-CoA;
3'-phosphoadenosine 5'-{3-[(3R)-4-({3-[(2-{[(2E)-but-2-enoyl]sulfanyl}ethyl)amino]-3-oxopropyl}amino)-3-hydroxy-2,2-dimethyl-4-oxobutyl] dihydrogen diphosphate};
3'-phosphoadenosine 5'-{3-[(3R)-4-{[3-({2-[(4-carboxybutanoyl)sulfanyl]ethyl}amino)-3-oxopropyl]amino}-3-hydroxy-2,2-dimethyl-4-oxobutyl] dihydrogen diphosphate};
NADP;
Thiamine pyrophosphate;
NADP;
Acetyl-CoA;
(S)-3-Hydroxybutyryl-CoA;
(2E)-Butenoyl-CoA;
Adenosine 5'-(trihydrogen diphosphate), 2'-(dihydrogen phosphate), P'.fwdarw.5'-ester with 3-(aminocarbonyl)-1-beta-D-ribofuranosylpyridinium, inner salt;
Acetyl CoA;
Flavinat;
3-oxobutanoyl-CoA;
(S)-3-hydroxybutanoyl-CoA"
"28","1.1 Carbohydrate metabolism",0.333333333333333,"Fructose and mannose metabolism","map00051",0.462053816261074,8,24,0.820787097696193,1,"GDP-4-Dehydro-6-deoxy-D-mannose;
Guanosine diphosphate mannose;
NADPH;
NADP;
Adenosine triphosphate;
GDP-glucose;
ADP;
Guanosine triphosphate;
Fructose 1-phosphate;
Adenosine triphosphate;
GDP-Man;
GTP;
GDP-4-dehydro-6-deoxy-alpha-D-mannose;
NADP;
NADP;
GDP-4-Dehydro-6-deoxy-D-mannose;
GDP-4-Dehydro-6-L-deoxygalactose;
Adenosine 5'-(trihydrogen diphosphate), 2'-(dihydrogen phosphate), P'.fwdarw.5'-ester with 3-(aminocarbonyl)-1-beta-D-ribofuranosylpyridinium, inner salt;
[(2S,3R,4R,5R)-5-(6-Aminopurin-9-yl)-3,4-dihydroxyoxolan-2-yl]methyl phosphono hydrogen phosphate;
[[(2S,3R,4R,5R)-5-(2-Amino-6-oxo-1H-purin-9-yl)-3,4-dihydroxyoxolan-2-yl]methoxy-hydroxyphosphoryl] phosphono hydrogen phosphate;
[[(2R,5R)-5-(6-Aminopurin-9-yl)-3,4-dihydroxyoxolan-2-yl]methoxy-hydroxyphosphoryl] phosphono hydrogen phosphate;
GDP-alpha-D-glucose"
"29","1.3 Lipid metabolism",0.324324324324324,"Steroidogenesis","map00140",0.46672207516058,12,37,0.820787097696193,1,"11b,17a 21-Trihydroxy-5b Pregnane 3,20-dione;
Heme;
5alpha-Tetrahydrocortisol;
Cortisol;
Tetrahydrocortisol;
Tetrahydrocortisone;
NADPH;
NADP;
18-Hydroxycorticosterone;
3b-Allotetrahydrocortisol;
17a,21-Dihydroxy-5b-pregnane-3,11,20-trione;
11beta,18,21-trihydroxy-pregn-4-ene-3,20-dione;
ferroheme b;
11beta,17,21-trihydroxypregn-4-ene-3,20-dione;
4-Methylpentanal;
NADP;
17,21-dihydroxy-5beta-pregnane-3,11,20-trione;
5beta-dihydrocortisol;
5a-Tetrahydrocortisol;
11-Epicortisol;
11beta,17,21-trihydroxypregn-4-ene-3,20-dione;
NADP;
11beta,18,21-trihydroxy-pregn-4-ene-3,20-dione;
Heme;
11b,17a,21-Trihydroxy-5b-pregnane-3,20-dione;
3a,11b,21-Trihydroxy-20-oxo-5b-pregnan-18-al;
11b,21-Dihydroxy-3,20-oxo-5b-pregnan-18-al;
17,21-dihydroxy-5beta-pregnane-3,11,20-trione;
11b,17a,21-Trihydroxypreg-nenolone;
4,5-Dihydrocortisol;
Adenosine 5'-(trihydrogen diphosphate), 2'-(dihydrogen phosphate), P'.fwdarw.5'-ester with 3-(aminocarbonyl)-1-beta-D-ribofuranosylpyridinium, inner salt;
Allotetrahydrocortisone"
"30","1.6 Metabolism of other amino acids",0.333333333333333,"Glutathione metabolism","map00480",0.489339361133342,6,18,0.831876913926681,1,"FAD;
Oxidized glutathione;
NADPH;
NADP;
Adenosine triphosphate;
ADP;
Adenosine triphosphate;
GSSG;
NADP;
NADP;
Glutathione (oxidized);
Adenosine 5'-(trihydrogen diphosphate), 2'-(dihydrogen phosphate), P'.fwdarw.5'-ester with 3-(aminocarbonyl)-1-beta-D-ribofuranosylpyridinium, inner salt;
[(2S,3R,4R,5R)-5-(6-Aminopurin-9-yl)-3,4-dihydroxyoxolan-2-yl]methyl phosphono hydrogen phosphate;
Flavinat;
[[(2R,5R)-5-(6-Aminopurin-9-yl)-3,4-dihydroxyoxolan-2-yl]methoxy-hydroxyphosphoryl] phosphono hydrogen phosphate"
"31","1.4 Nucleotide metabolism",0.308823529411765,"Purine metabolism","map00230",0.529367837347011,21,68,0.859379835791029,1,"Tetrahydrofolate;
FAD;
GDP;
Heme;
Adenylsuccinic acid;
ATP;
Adenosine diphosphate ribose;
dGTP;
dADP;
10-Formyl Tetrahydrofolate;
SAICAR;
dGDP;
NADPH;
NADP;
Adenosine triphosphate;
ADP;
Phosphoribosyl pyrophosphate;
GMP;
Guanosine triphosphate;
IDP;
Adenosine triphosphate;
10-Formyl-THF;
GTP;
dATP;
dGTP;
Adenosine diphosphate ribose;
Phosphoribosyl pyrophosphate;
guanosine 5'-monophosphate;
ferroheme b;
NADP;
SAICA-riboside;
Tetrahydrofolic acid;
Glutamine;
NADP;
dGDP;
Guanosine monophosphate;
Heme;
5-O-phosphonato-alpha-D-ribofuranosyl Diphosphate(5-);
5,6,7,8-Tetrahydrofolic acid;
Adenosine 5'-(trihydrogen diphosphate), 2'-(dihydrogen phosphate), P'.fwdarw.5'-ester with 3-(aminocarbonyl)-1-beta-D-ribofuranosylpyridinium, inner salt;
[(2S,3R,4R,5R)-5-(6-Aminopurin-9-yl)-3,4-dihydroxyoxolan-2-yl]methyl phosphono hydrogen phosphate;
[[(2S,3R,4R,5R)-5-(2-Amino-6-oxo-1H-purin-9-yl)-3,4-dihydroxyoxolan-2-yl]methoxy-hydroxyphosphoryl] phosphono hydrogen phosphate;
Adenylosuccinic acid;
Flavinat;
Guanosine diphos-phate;
[(2R,5R)-5-(2-Amino-6-oxo-1H-purin-9-yl)-3,4-dihydroxyoxolan-2-yl]methyl dihydrogen phosphate;
[[(2R,5R)-5-(6-Aminopurin-9-yl)-3,4-dihydroxyoxolan-2-yl]methoxy-hydroxyphosphoryl] phosphono hydrogen phosphate;
[[(2R,5R)-5-(6-Aminopurin-9-yl)-3-hydroxyoxolan-2-yl]methoxy-hydroxyphosphoryl] phosphono hydrogen phosphate;
Adenosine diphosphate-D-ribose;
5-phospho-alpha-D-ribose 1-diphosphate;
adenylo-succinate;
tetrahydrofolate"
"32","1.2 Energy metabolism",0.315789473684211,"Sulfur metabolism","map00920",0.550998726474836,6,19,0.859379835791029,1,"Adenosine 3',5'-diphosphate;
Heme;
Phosphoadenosine phosphosulfate;
Adenosine phosphosulfate;
Adenosine triphosphate;
ADP;
Adenosine triphosphate;
ferroheme b;
Adenosine phosphosulfate;
PAPS;
Adenosine 3',5'-diphosphate;
3'-phosphonato-5'-adenylyl sulfate(4-);
Heme;
3'-phosphonato-5'-adenylyl Sulfate(4-);
[(2S,3R,4R,5R)-5-(6-Aminopurin-9-yl)-3,4-dihydroxyoxolan-2-yl]methyl phosphono hydrogen phosphate;
[[(2R,5R)-5-(6-Aminopurin-9-yl)-3,4-dihydroxyoxolan-2-yl]methoxy-hydroxyphosphoryl] phosphono hydrogen phosphate;
phosphoadenosine-5'-phosphosulfate"
"33","1.8 Metabolism of cofactors and vitamins",0.3125,"Pantothenate and CoA Biosynthesis","map00770",0.572919890527353,5,16,0.859379835791029,1,"Flavin mononucleotide;
Dephospho-CoA;
Adenosine triphosphate;
ADP;
4'-Phosphopantothenoylcysteine;
Adenosine triphosphate;
3'-dephospho-CoA;
4'-Phosphopantothenoylcysteine;
Flavin mononucleotide;
4'-Phosphopantothenoylcysteine;
Dephospho-CoA;
[(2S,3R,4R,5R)-5-(6-Aminopurin-9-yl)-3,4-dihydroxyoxolan-2-yl]methyl phosphono hydrogen phosphate;
[[(2R,5R)-5-(6-Aminopurin-9-yl)-3,4-dihydroxyoxolan-2-yl]methoxy-hydroxyphosphoryl] phosphono hydrogen phosphate;
R-4'-phosphopantothenoyl-L-cysteine"
"34","1.3 Lipid metabolism",0.3125,"Biosynthesis of unsaturated fatty acids","map01040",0.572919890527353,5,16,0.859379835791029,1,"Tetradecanoyl-CoA;
Adenosine triphosphate;
ADP;
Lauroyl-CoA;
Acetyl CoA;
Ac-CoA;
Adenosine triphosphate;
Dodecanoyl-CoA;
myristoyl-CoA;
Acetyl-CoA;
myristoyl-CoA;
[(2S,3R,4R,5R)-5-(6-Aminopurin-9-yl)-3,4-dihydroxyoxolan-2-yl]methyl phosphono hydrogen phosphate;
Acetyl CoA;
Lauroyl CoA;
[[(2R,5R)-5-(6-Aminopurin-9-yl)-3,4-dihydroxyoxolan-2-yl]methoxy-hydroxyphosphoryl] phosphono hydrogen phosphate"
"35","1.8 Metabolism of cofactors and vitamins",0.294117647058824,"Riboflavin Metabolism","map00740",0.634466782789262,5,17,0.924508740635781,1,"FAD;
Flavin mononucleotide;
Adenosine triphosphate;
ADP;
Riboflavin;
Adenosine triphosphate;
RIB;
Flavin mononucleotide;
7,8-Dimethyl-10-[(2R,3R,4S)-2,3,4,5-tetrahydroxypentyl]benzo[g]pteridine-2,4-dione;
[(2S,3R,4R,5R)-5-(6-Aminopurin-9-yl)-3,4-dihydroxyoxolan-2-yl]methyl phosphono hydrogen phosphate;
Flavinat;
[[(2R,5R)-5-(6-Aminopurin-9-yl)-3,4-dihydroxyoxolan-2-yl]methoxy-hydroxyphosphoryl] phosphono hydrogen phosphate"
"36","1.8 Metabolism of cofactors and vitamins",0.269230769230769,"Retinol Metabolism","map00830",0.730441121957599,7,26,0.999890682487091,1,"Heme;
Retinoyl b-glucuronide;
NADPH;
NADP;
Acetyl CoA;
Ac-CoA;
ferroheme b;
NADP;
1-O-[(2E,4E,6E,8E)-3,7-dimethyl-9-(2,6,6-trimethylcyclohex-1-en-1-yl)nona-2,4,6,8-tetraenoyl]-beta-D-glucopyranuronic acid O(15)-[(2S,3R,4S,5S,6S)-6-carboxy-3,4,5-trihydroxytetrahydro-2H-pyran-2-yl]retinoic acid;
NADP;
Acetyl-CoA;
Heme;
PC(24:1(15Z)/15:0);
TG(16:1(9Z)/22:0/16:1(9Z));
1-O-all-trans-retinoyl-beta-glucuronic Acid;
Adenosine 5'-(trihydrogen diphosphate), 2'-(dihydrogen phosphate), P'.fwdarw.5'-ester with 3-(aminocarbonyl)-1-beta-D-ribofuranosylpyridinium, inner salt;
Acetyl CoA;
All-trans-retinoyl B-glucuronide"
"37","1.6 Metabolism of other amino acids",0.260869565217391,"Selenocompound metabolism","map00450",0.755472193191699,6,23,0.999890682487091,1,"Adenosine triphosphate;
ADP;
Adenylylselenate;
Adenosine triphosphate;
adenylyl selenate;
3'-phosphoadenylyl selenate;
AdeSeHCys;
Adenylylselenate;
3-Phosphoadenylylselenate;
AdeSeHCys;
Se-Adenosylselenomethionine;
AdeSeHCys;
[(2S,3R,4R,5R)-5-(6-Aminopurin-9-yl)-3,4-dihydroxyoxolan-2-yl]methyl phosphono hydrogen phosphate;
[[(2R,5R)-5-(6-Aminopurin-9-yl)-3,4-dihydroxyoxolan-2-yl]methoxy-hydroxyphosphoryl] phosphono hydrogen phosphate"
"38","1.5 Amino acid metabolism",0.257142857142857,"Histidine metabolism","map00340",0.794819602352963,9,35,0.999890682487091,1,"Tetrahydrofolate;
FAD;
5-Formiminotetrahydrofolic acid;
S-Adenosylmethionine;
NADPH;
NADP;
Adenosine triphosphate;
ADP;
S-Adenosylhomocysteine;
AdoMet;
Adenosine triphosphate;
5-formimidoyltetrahydrofolic acid;
AdoHcy;
NADP;
Tetrahydrofolic acid;
NADP;
5,6,7,8-Tetrahydrofolic acid;
Adenosine 5'-(trihydrogen diphosphate), 2'-(dihydrogen phosphate), P'.fwdarw.5'-ester with 3-(aminocarbonyl)-1-beta-D-ribofuranosylpyridinium, inner salt;
[(2S,3R,4R,5R)-5-(6-Aminopurin-9-yl)-3,4-dihydroxyoxolan-2-yl]methyl phosphono hydrogen phosphate;
Flavinat;
[[(2R,5R)-5-(6-Aminopurin-9-yl)-3,4-dihydroxyoxolan-2-yl]methoxy-hydroxyphosphoryl] phosphono hydrogen phosphate;
tetrahydrofolate"
"39","1.5 Amino acid metabolism",0.266666666666667,"Alanine, aspartate and glutamate metabolism","map00250",0.796754813251795,16,60,0.999890682487091,1,"Chitin;
FAD;
GDP;
Adenylsuccinic acid;
Adenosine diphosphate ribose;
Oxidized glutathione;
NADPH;
NADP;
Adenosine triphosphate;
ADP;
Nicotinic acid adenine dinucleotide;
Acetyl CoA;
Phosphoribosyl pyrophosphate;
GMP;
Guanosine triphosphate;
Ac-CoA;
Adenosine triphosphate;
GTP;
Adenosine diphosphate ribose;
Phosphoribosyl pyrophosphate;
guanosine 5'-monophosphate;
GSSG;
NADP;
deamido-NAD(+);
Glutamine;
NADP;
NAAD;
Acetyl-CoA;
Guanosine monophosphate;
Glutathione (oxidized);
5-O-phosphonato-alpha-D-ribofuranosyl Diphosphate(5-);
Adenosine 5'-(trihydrogen diphosphate), 2'-(dihydrogen phosphate), P'.fwdarw.5'-ester with 3-(aminocarbonyl)-1-beta-D-ribofuranosylpyridinium, inner salt;
[(2S,3R,4R,5R)-5-(6-Aminopurin-9-yl)-3,4-dihydroxyoxolan-2-yl]methyl phosphono hydrogen phosphate;
[[(2S,3R,4R,5R)-5-(2-Amino-6-oxo-1H-purin-9-yl)-3,4-dihydroxyoxolan-2-yl]methoxy-hydroxyphosphoryl] phosphono hydrogen phosphate;
Acetyl CoA;
Adenylosuccinic acid;
Flavinat;
Guanosine diphos-phate;
[(2R,5R)-5-(2-Amino-6-oxo-1H-purin-9-yl)-3,4-dihydroxyoxolan-2-yl]methyl dihydrogen phosphate;
[[(2R,5R)-5-(6-Aminopurin-9-yl)-3,4-dihydroxyoxolan-2-yl]methoxy-hydroxyphosphoryl] phosphono hydrogen phosphate;
Adenosine diphosphate-D-ribose;
5-phospho-alpha-D-ribose 1-diphosphate;
adenylo-succinate"
"40","1.2 Energy metabolism",0.24,"Nitrogen metabolism","map00910",0.828144844141202,6,25,0.999890682487091,1,"Tetrahydrofolate;
FAD;
5,10-Methenyltetrahydrofolic acid;
Adenosine triphosphate;
ADP;
5,10-Methenyl Tetrahydrofolate;
Adenosine triphosphate;
5,10-Methenyltetrahydrofolic acid;
Tetrahydrofolic acid;
Glutamine;
(6R)-5,10-methenyltetrahydrofolate;
5,10-Methenyl-THF;
5,10-Methylene-THF;
5,6,7,8-Tetrahydrofolic acid;
(4S)-4-[[4-(3-Amino-1-oxo-5,6,6a,7-tetrahydro-2H-imidazo[1,5-f]pteridin-10-ium-8-yl)benzoyl]amino]-5-hydroxy-5-oxopentanoate;
[(2S,3R,4R,5R)-5-(6-Aminopurin-9-yl)-3,4-dihydroxyoxolan-2-yl]methyl phosphono hydrogen phosphate;
Flavinat;
[[(2R,5R)-5-(6-Aminopurin-9-yl)-3,4-dihydroxyoxolan-2-yl]methoxy-hydroxyphosphoryl] phosphono hydrogen phosphate;
tetrahydrofolate"
"41","1.8 Metabolism of cofactors and vitamins",0.176470588235294,"Vitamin B6 Metabolism","map00750",0.932035359801152,3,17,0.999890682487091,1,"FAD;
Flavin mononucleotide;
Flavin mononucleotide;
2-Methyl-3-hydroxy-5-formylpyridine-4-carboxylate;
Flavinat"
"42","1.5 Amino acid metabolism",0.22,"Arginine and proline metabolism","map00330",0.939716273134015,11,50,0.999890682487091,1,"FAD;
Flavin mononucleotide;
L-Proline;
Heme;
S-Adenosylmethionine;
NADPH;
NADP;
Adenosine triphosphate;
ADP;
S-Adenosylhomocysteine;
AdoMet;
Adenosine triphosphate;
AdoHcy;
Flavin mononucleotide;
ferroheme b;
NADP;
Glutamine;
NADP;
Heme;
Adenosine 5'-(trihydrogen diphosphate), 2'-(dihydrogen phosphate), P'.fwdarw.5'-ester with 3-(aminocarbonyl)-1-beta-D-ribofuranosylpyridinium, inner salt;
[(2S,3R,4R,5R)-5-(6-Aminopurin-9-yl)-3,4-dihydroxyoxolan-2-yl]methyl phosphono hydrogen phosphate;
Flavinat;
[[(2R,5R)-5-(6-Aminopurin-9-yl)-3,4-dihydroxyoxolan-2-yl]methoxy-hydroxyphosphoryl] phosphono hydrogen phosphate"
"43","1.5 Amino acid metabolism",0.214285714285714,"Glycine, serine and threonine metabolism","map00260",0.958671089419974,12,56,0.999890682487091,1,"5-Methyl Tetrahydrofolate;
Tetrahydrofolate;
FAD;
Orotidylic acid;
5,10-Methenyltetrahydrofolic acid;
S-Adenosylmethionine;
Adenosine triphosphate;
ADP;
Succinyl-CoA;
Acetyl CoA;
5,10-Methenyl Tetrahydrofolate;
S-Adenosylhomocysteine;
Ac-CoA;
3'-phosphoadenosine 5'-{3-[(3R)-4-{[3-({2-[(3-carboxypropanoyl)sulfanyl]ethyl}amino)-3-oxopropyl]amino}-3-hydroxy-2,2-dimethyl-4-oxobutyl] dihydrogen diphosphate};
AdoMet;
Adenosine triphosphate;
5,10-Methenyltetrahydrofolic acid;
5-Methyl-THF;
orotidine 5'-monophosphate;
AdoHcy;
methylglyoxal;
Tetrahydrofolic acid;
(6R)-5,10-methenyltetrahydrofolate;
Acetyl-CoA;
5,10-Methenyl-THF;
5-methyl-THF;
5,10-Methylene-THF;
5,6,7,8-Tetrahydrofolic acid;
(4S)-4-[[4-(3-Amino-1-oxo-5,6,6a,7-tetrahydro-2H-imidazo[1,5-f]pteridin-10-ium-8-yl)benzoyl]amino]-5-hydroxy-5-oxopentanoate;
[(2S,3R,4R,5R)-5-(6-Aminopurin-9-yl)-3,4-dihydroxyoxolan-2-yl]methyl phosphono hydrogen phosphate;
Acetyl CoA;
Flavinat;
Levomefolic acid;
[[(2R,5R)-5-(6-Aminopurin-9-yl)-3,4-dihydroxyoxolan-2-yl]methoxy-hydroxyphosphoryl] phosphono hydrogen phosphate;
tetrahydrofolate"
"44","1.10 Biosynthesis of other secondary metabolites",0.157894736842105,"Caffeine Metabolism","map00232",0.960566267642741,3,19,0.999890682487091,1,"FAD;
Heme;
Acetyl CoA;
Ac-CoA;
ferroheme b;
Acetyl-CoA;
Heme;
Acetyl CoA;
Flavinat"
"45","1.5 Amino acid metabolism",0.178571428571429,"Phenylalanine and Tyrosine Metabolism","map00360",0.961403196519435,5,28,0.999890682487091,1,"FAD;
Adenosine triphosphate;
Phenylacetyl-CoA;
Adenosine triphosphate;
D-Tyrosine;
Glutamine;
Flavinat;
[[(2R,5R)-5-(6-Aminopurin-9-yl)-3,4-dihydroxyoxolan-2-yl]methoxy-hydroxyphosphoryl] phosphono hydrogen phosphate"
"46","1.6 Metabolism of other amino acids",0.172413793103448,"beta-Alanine metabolism","map00410",0.969672845292922,5,29,0.999890682487091,1,"FAD;
Flavin mononucleotide;
NADPH;
NADP;
Acetyl CoA;
Ac-CoA;
Flavin mononucleotide;
NADP;
NADP;
Acetyl-CoA;
Adenosine 5'-(trihydrogen diphosphate), 2'-(dihydrogen phosphate), P'.fwdarw.5'-ester with 3-(aminocarbonyl)-1-beta-D-ribofuranosylpyridinium, inner salt;
Acetyl CoA;
Flavinat"
"47","1.1 Carbohydrate metabolism",0.148148148148148,"Glycolysis / Gluconeogenesis","map00010",0.984130666617998,4,27,0.999890682487091,1,"GDP;
Adenosine triphosphate;
ADP;
Guanosine triphosphate;
Adenosine triphosphate;
GTP;
[(2S,3R,4R,5R)-5-(6-Aminopurin-9-yl)-3,4-dihydroxyoxolan-2-yl]methyl phosphono hydrogen phosphate;
[[(2S,3R,4R,5R)-5-(2-Amino-6-oxo-1H-purin-9-yl)-3,4-dihydroxyoxolan-2-yl]methoxy-hydroxyphosphoryl] phosphono hydrogen phosphate;
Guanosine diphos-phate;
[[(2R,5R)-5-(6-Aminopurin-9-yl)-3,4-dihydroxyoxolan-2-yl]methoxy-hydroxyphosphoryl] phosphono hydrogen phosphate"
"48","1.5 Amino acid metabolism",0.176470588235294,"Methionine Metabolism","map00270",0.990108525886284,9,51,0.999890682487091,1,"5-Methyl Tetrahydrofolate;
Tetrahydrofolate;
FAD;
10-Formyl Tetrahydrofolate;
5,10-Methenyltetrahydrofolic acid;
S-Adenosylmethionine;
Adenosine triphosphate;
ADP;
5,10-Methenyl Tetrahydrofolate;
S-Adenosylhomocysteine;
AdoMet;
Adenosine triphosphate;
5,10-Methenyltetrahydrofolic acid;
10-Formyl-THF;
5-Methyl-THF;
AdoHcy;
Tetrahydrofolic acid;
(6R)-5,10-methenyltetrahydrofolate;
5,10-Methenyl-THF;
5-methyl-THF;
5,10-Methylene-THF;
5,6,7,8-Tetrahydrofolic acid;
(4S)-4-[[4-(3-Amino-1-oxo-5,6,6a,7-tetrahydro-2H-imidazo[1,5-f]pteridin-10-ium-8-yl)benzoyl]amino]-5-hydroxy-5-oxopentanoate;
[(2S,3R,4R,5R)-5-(6-Aminopurin-9-yl)-3,4-dihydroxyoxolan-2-yl]methyl phosphono hydrogen phosphate;
Flavinat;
Levomefolic acid;
[[(2R,5R)-5-(6-Aminopurin-9-yl)-3,4-dihydroxyoxolan-2-yl]methoxy-hydroxyphosphoryl] phosphono hydrogen phosphate;
tetrahydrofolate"
"49","1.5 Amino acid metabolism",0.166666666666667,"Tryptophan metabolism","map00380",0.995012047485432,9,54,0.999890682487091,1,"FAD;
Heme;
S-Adenosylmethionine;
NADPH;
NADP;
Adenosine triphosphate;
Acetyl CoA;
S-Adenosylhomocysteine;
Ac-CoA;
AdoMet;
Adenosine triphosphate;
AdoHcy;
ferroheme b;
NADP;
6-Hydroxymelatonin;
NADP;
Acetyl-CoA;
Heme;
Adenosine 5'-(trihydrogen diphosphate), 2'-(dihydrogen phosphate), P'.fwdarw.5'-ester with 3-(aminocarbonyl)-1-beta-D-ribofuranosylpyridinium, inner salt;
Acetyl CoA;
Flavinat;
[[(2R,5R)-5-(6-Aminopurin-9-yl)-3,4-dihydroxyoxolan-2-yl]methoxy-hydroxyphosphoryl] phosphono hydrogen phosphate"
"50","1.3 Lipid metabolism",0.15625,"Arachidonic Acid Metabolism","map00590",0.998699448376394,10,64,0.999890682487091,1,"Heme;
LysoPC(14:0/0:0);
Oxidized glutathione;
NADPH;
NADP;
Thromboxane B2;
6-Keto-prostaglandin F1a;
Leukotriene C4;
Leukotriene D4;
5S-hydroxy-6R-(S-glutathionyl),7E,9E,11Z,14Z-eicosatetraenoic acid;
ferroheme b;
GSSG;
NADP;
6-keto-PGF1alpha;
5S-hydroxy-6R-(S-cysteinylglycinyl)-7E,9E,11E,14Z-eicosatetraenoic acid;
9S,11,15S-trihydroxy-thromboxa-5Z,13E-dien-1-oic acid;
1-tetradecanoyl-sn-glycero-3-phosphocholine;
1-tetradecanoyl-2-(5Z,8Z,11Z,14Z-eicosatetraenoyl)-sn-glycero-3-phosphocholine;
NADP;
5S-hydroxy-6R-(S-glutathionyl),7E,9E,11Z,14Z-eicosatetraenoic acid;
6-keto-PGF1alpha;
5S-hydroxy-6R-(S-cysteinylglycinyl)-7E,9E,11E,14Z-eicosatetraenoic acid;
Heme;
9S,11,15S-trihydroxy-thromboxa-5Z,13E-dien-1-oic acid;
Glutathione (oxidized);
11-trans-Leukotriene C4;
6-[2-Amino-3-(carboxymethylamino)-3-oxopropyl]sulfanyl-5-hydroxyicosa-7,9,11,14-tetraenoic acid;
Adenosine 5'-(trihydrogen diphosphate), 2'-(dihydrogen phosphate), P'.fwdarw.5'-ester with 3-(aminocarbonyl)-1-beta-D-ribofuranosylpyridinium, inner salt;
11-trans Leukotriene C4"
"51","1.5 Amino acid metabolism",0.130434782608696,"Tyrosine metabolism","map00350",0.999890682487091,9,69,0.999890682487091,1,"FAD;
3,5-Diiodo-L-tyrosine;
S-Adenosylmethionine;
Thyroxine;
Dextrothyroxine;
NADPH;
NADP;
Liothyronine;
S-Adenosylhomocysteine;
AdoMet;
3,5-Diiodo-L-tyrosine;
AdoHcy;
NADP;
D-Tyrosine;
Liothyronine;
L-thyroxine;
NADP;
Thyroxine;
3,5-diiodo-L-tyrosinate(1-);
Adenosine 5'-(trihydrogen diphosphate), 2'-(dihydrogen phosphate), P'.fwdarw.5'-ester with 3-(aminocarbonyl)-1-beta-D-ribofuranosylpyridinium, inner salt;
Detrothyronine;
Flavinat"
